Player,Nation,Pos,Squad,Age,Born,90s,Goals,Shots,SoT,SoT%,Sh/90,SoT/90,G/Sh,G/SoT,Dist,FK,PK,PKatt,xG,npxG,npxG/Sh,G-xG,np:G-xG,Matches
Joshua Acheampong,eng ENG,DF,Chelsea,18,2006,1.9,0,2,0,0.0,1.06,0.00,0.00,,8.9,0,0,0,0.2,0.2,0.11,-0.2,-0.2,Matches
Tyler Adams,us USA,MF,Bournemouth,25,1999,21.8,0,9,2,22.2,0.41,0.09,0.00,0.00,16.9,0,0,0,1.6,1.6,0.18,-1.6,-1.6,Matches
Tosin Adarabioyo,eng ENG,DF,Chelsea,26,1997,15.7,1,13,2,15.4,0.83,0.13,0.08,0.50,12.5,0,0,0,0.9,0.9,0.07,+0.1,+0.1,Matches
Simon Adingra,ci CIV,"FW,MF",Brighton,22,2002,12.2,2,33,8,24.2,2.71,0.66,0.06,0.25,17.0,0,0,0,2.5,2.5,0.07,-0.5,-0.5,Matches
Emmanuel Agbadou,ci CIV,DF,Wolves,27,1997,15.7,1,7,2,28.6,0.45,0.13,0.14,0.50,27.6,1,0,0,0.8,0.8,0.12,+0.2,+0.2,Matches
Asher Agbinone,eng ENG,MF,Crystal Palace,18,2005,0.1,0,1,0,0.0,15.00,0.00,0.00,,26.3,0,0,0,0.0,0.0,0.02,0.0,0.0,Matches
Ola Aina,ng NGA,DF,Nott'ham Forest,27,1996,33.3,2,11,2,18.2,0.33,0.06,0.18,1.00,26.1,0,0,0,0.6,0.6,0.06,+1.4,+1.4,Matches
Rayan Aït-Nouri,dz ALG,DF,Wolves,23,2001,34.5,4,36,10,27.8,1.04,0.29,0.11,0.40,14.9,0,0,0,2.7,2.7,0.08,+1.3,+1.3,Matches
Kristoffer Ajer,no NOR,DF,Brentford,26,1998,16.0,0,9,3,33.3,0.56,0.19,0.00,0.00,9.5,0,0,0,1.0,1.0,0.11,-1.0,-1.0,Matches
Manuel Akanji,ch SUI,DF,Manchester City,29,1995,22.4,0,15,2,13.3,0.67,0.09,0.00,0.00,14.7,0,0,0,1.6,1.6,0.10,-1.6,-1.6,Matches
Nathan Aké,nl NED,DF,Manchester City,29,1995,7.5,0,3,0,0.0,0.40,0.00,0.00,,10.0,0,0,0,0.2,0.2,0.07,-0.2,-0.2,Matches
Carlos Alcaraz,ar ARG,MF,Southampton,21,2002,0.1,0,1,1,100.0,9.00,9.00,0.00,0.00,9.7,0,0,0,0.1,0.1,0.07,-0.1,-0.1,Matches
Carlos Alcaraz,ar ARG,"FW,MF",Everton,21,2002,8.5,2,26,11,42.3,3.06,1.30,0.08,0.18,20.3,1,0,0,1.7,1.7,0.07,+0.3,+0.3,Matches
Trent Alexander-Arnold,eng ENG,DF,Liverpool,25,1998,26.3,3,45,8,17.8,1.71,0.30,0.07,0.38,23.6,3,0,0,1.9,1.9,0.04,+1.1,+1.1,Matches
Alisson,br BRA,GK,Liverpool,31,1992,27.9,0,0,0,,0.00,0.00,,,,0,0,0,0.0,0.0,,0.0,0.0,Matches
Miguel Almirón,py PAR,FW,Newcastle Utd,30,1994,1.7,0,6,2,33.3,3.44,1.15,0.00,0.00,14.2,0,0,0,0.5,0.5,0.09,-0.5,-0.5,Matches
Olabade Aluko,,DF,Leicester City,,,0.0,0,0,0,,0.00,0.00,,,,0,0,0,0.0,0.0,,0.0,0.0,Matches
Edson Álvarez,mx MEX,MF,West Ham,26,1997,19.7,0,12,1,8.3,0.61,0.05,0.00,0.00,26.3,0,0,0,0.4,0.4,0.03,-0.4,-0.4,Matches
Will Alves,eng ENG,FW,Leicester City,19,2005,0.0,0,0,0,,0.00,0.00,,,,0,0,0,0.0,0.0,,0.0,0.0,Matches
Harry Amass,eng ENG,DF,Manchester Utd,17,2007,3.8,0,3,0,0.0,0.78,0.00,0.00,,21.7,0,0,0,0.1,0.1,0.02,-0.1,-0.1,Matches
Samuel Amo-Ameyaw,eng ENG,"FW,DF",Southampton,18,2006,0.3,0,1,0,0.0,3.21,0.00,0.00,,20.7,0,0,0,0.0,0.0,0.02,0.0,0.0,Matches
Mathis Amougou,fr FRA,MF,Chelsea,18,2006,0.1,0,0,0,,0.00,0.00,,,,0,0,0,0.0,0.0,,0.0,0.0,Matches
Joachim Andersen,dk DEN,DF,Crystal Palace,28,1996,1.0,0,1,1,100.0,1.00,1.00,0.00,0.00,25.2,0,0,0,0.0,0.0,0.04,0.0,0.0,Matches
Joachim Andersen,dk DEN,DF,Fulham,28,1996,28.7,0,19,4,21.1,0.66,0.14,0.00,0.00,15.1,0,0,0,1.0,1.0,0.05,-1.0,-1.0,Matches
Player,Nation,Pos,Squad,Age,Born,90s,Gls,Sh,SoT,SoT%,Sh/90,SoT/90,G/Sh,G/SoT,Dist,FK,PK,PKatt,xG,npxG,npxG/Sh,G-xG,np:G-xG,Matches
Elliot Anderson,eng ENG,MF,Nott'ham Forest,21,2002,30.3,2,40,7,17.5,1.32,0.23,0.05,0.29,18.8,0,0,0,2.1,2.1,0.05,-0.1,-0.1,Matches
André,br BRA,MF,Wolves,23,2001,27.5,0,10,1,10.0,0.36,0.04,0.00,0.00,25.5,0,0,0,0.4,0.4,0.04,-0.4,-0.4,Matches
Michail Antonio,jm JAM,FW,West Ham,34,1990,9.3,1,19,4,21.1,2.05,0.43,0.05,0.25,12.6,0,0,0,2.2,2.2,0.12,-1.2,-1.2,Matches
Antony,br BRA,"DF,MF",Manchester Utd,24,2000,1.6,0,6,3,50.0,3.83,1.91,0.00,0.00,15.8,0,0,0,1.0,1.0,0.17,-1.0,-1.0,Matches
Julian Araujo,mx MEX,DF,Bournemouth,22,2001,5.5,0,0,0,,0.00,0.00,,,,0,0,0,0.0,0.0,,0.0,0.0,Matches
Cameron Archer,eng ENG,FW,Southampton,23,2001,16.0,2,28,10,35.7,1.75,0.62,0.07,0.20,12.8,0,0,1,5.7,4.9,0.18,-3.7,-2.9,Matches
Alphonse Areola,fr FRA,GK,West Ham,31,1993,25.1,0,0,0,,0.00,0.00,,,,0,0,0,0.0,0.0,,0.0,0.0,Matches
Joe Aribo,ng NGA,"MF,DF",Southampton,28,1996,22.4,3,17,7,41.2,0.76,0.31,0.18,0.43,14.0,0,0,0,2.7,2.7,0.16,+0.3,+0.3,Matches
Adam Armstrong,eng ENG,"FW,MF",Southampton,27,1997,13.9,2,25,7,28.0,1.80,0.50,0.08,0.29,16.6,0,0,1,3.3,2.3,0.09,-1.3,-0.3,Matches
Harrison Armstrong,eng ENG,MF,Everton,17,2007,0.5,0,1,0,0.0,1.87,0.00,0.00,,5.8,0,0,0,0.4,0.4,0.37,-0.4,-0.4,Matches
Kepa Arrizabalaga,es ESP,GK,Bournemouth,29,1994,31.0,0,1,0,0.0,0.03,0.00,0.00,,9.7,0,0,0,0.1,0.1,0.06,-0.1,-0.1,Matches
Marco Asensio,es ESP,MF,Aston Villa,28,1996,8.3,3,22,9,40.9,2.66,1.09,0.14,0.33,19.6,1,0,2,4.4,2.9,0.13,-1.4,+0.1,Matches
Brandon Austin,eng ENG,GK,Tottenham,25,1999,1.0,0,0,0,,0.00,0.00,,,,0,0,0,0.0,0.0,,0.0,0.0,Matches
Taiwo Awoniyi,ng NGA,FW,Nott'ham Forest,26,1997,4.6,1,10,4,40.0,2.16,0.87,0.10,0.25,12.6,0,0,0,2.1,2.1,0.21,-1.1,-1.1,Matches
Yasin Ayari,se SWE,MF,Brighton,20,2003,21.8,2,28,8,28.6,1.28,0.37,0.07,0.25,18.7,2,0,0,2.4,2.4,0.09,-0.4,-0.4,Matches
Jordan Ayew,gh GHA,"FW,MF",Crystal Palace,32,1991,0.2,0,1,0,0.0,4.29,0.00,0.00,,5.5,0,0,0,0.5,0.5,0.46,-0.5,-0.5,Matches
Jordan Ayew,gh GHA,"FW,MF",Leicester City,32,1991,18.2,5,31,8,25.8,1.70,0.44,0.13,0.50,18.8,4,1,1,3.2,2.4,0.08,+1.8,+1.6,Matches
Benoît Badiashile,fr FRA,DF,Chelsea,23,2001,3.7,0,0,0,,0.00,0.00,,,,0,0,0,0.0,0.0,,0.0,0.0,Matches
Leon Bailey,jm JAM,"FW,MF",Aston Villa,26,1997,12.7,1,28,6,21.4,2.21,0.47,0.04,0.17,17.3,2,0,0,1.7,1.7,0.06,-0.7,-0.7,Matches
Carlos Baleba,cm CMR,MF,Brighton,20,2004,29.6,3,44,11,25.0,1.49,0.37,0.07,0.27,25.5,1,0,0,3.1,3.1,0.07,-0.1,-0.1,Matches
Ross Barkley,eng ENG,MF,Aston Villa,30,1993,6.5,3,16,5,31.3,2.48,0.77,0.19,0.60,14.2,0,0,0,1.8,1.8,0.11,+1.2,+1.2,Matches
Harvey Barnes,eng ENG,FW,Newcastle Utd,26,1997,19.5,9,63,20,31.7,3.23,1.03,0.14,0.45,15.1,0,0,0,7.2,7.2,0.11,+1.8,+1.8,Matches
Calvin Bassey,ng NGA,DF,Fulham,24,1999,34.2,1,14,4,28.6,0.41,0.12,0.07,0.25,15.3,0,0,0,1.0,1.0,0.07,0.0,0.0,Matches
Altay Bayındır,tr TUR,GK,Manchester Utd,26,1998,4.0,0,0,0,,0.00,0.00,,,,0,0,0,0.0,0.0,,0.0,0.0,Matches
Jan Bednarek,pl POL,DF,Southampton,28,1996,28.1,2,5,2,40.0,0.18,0.07,0.40,1.00,16.0,0,0,0,0.7,0.7,0.13,+1.3,+1.3,Matches
Player,Nation,Pos,Squad,Age,Born,90s,Gls,Sh,SoT,SoT%,Sh/90,SoT/90,G/Sh,G/SoT,Dist,FK,PK,PKatt,xG,npxG,npxG/Sh,G-xG,np:G-xG,Matches
Armel Bella Kotchap,de GER,DF,Southampton,22,2001,3.7,0,1,0,0.0,0.27,0.00,0.00,,9.1,0,0,0,0.3,0.3,0.32,-0.3,-0.3,Matches
Jean-Ricner Bellegarde,fr FRA,"MF,FW",Wolves,26,1998,18.6,2,22,5,22.7,1.18,0.27,0.09,0.40,21.2,2,0,0,1.5,1.5,0.07,+0.5,+0.5,Matches
Rodrigo Bentancur,uy URU,MF,Tottenham,27,1997,18.3,2,22,5,22.7,1.20,0.27,0.09,0.40,17.4,0,0,0,1.3,1.3,0.06,+0.7,+0.7,Matches
Daniel Bentley,eng ENG,GK,Wolves,31,1993,2.0,0,0,0,,0.00,0.00,,,,0,0,0,0.0,0.0,,0.0,0.0,Matches
Sander Berge,no NOR,MF,Fulham,26,1998,24.7,0,3,1,33.3,0.12,0.04,0.00,0.00,8.7,0,0,0,0.4,0.4,0.12,-0.4,-0.4,Matches
Lucas Bergvall,se SWE,MF,Tottenham,18,2006,13.5,0,12,2,16.7,0.89,0.15,0.00,0.00,19.9,0,0,0,0.7,0.7,0.06,-0.7,-0.7,Matches
Victor Bernth Kristiansen,dk DEN,DF,Leicester City,21,2002,27.6,0,3,0,0.0,0.11,0.00,0.00,,17.7,0,0,0,0.3,0.3,0.11,-0.3,-0.3,Matches
Beto,gw GNB,FW,Everton,26,1998,17.0,8,49,23,46.9,2.87,1.35,0.16,0.35,13.1,0,0,0,8.2,8.2,0.17,-0.2,-0.2,Matches
Philip Billing,dk DEN,MF,Bournemouth,28,1996,2.0,0,5,1,20.0,2.45,0.49,0.00,0.00,17.9,0,0,0,0.6,0.6,0.11,-0.6,-0.6,Matches
Yves Bissouma,ml MLI,MF,Tottenham,27,1996,15.6,2,11,4,36.4,0.70,0.26,0.18,0.50,23.4,0,0,0,0.6,0.6,0.06,+1.4,+1.4,Matches
Oscar Bobb,no NOR,FW,Manchester City,21,2003,0.2,0,0,0,,0.00,0.00,,,,0,0,0,0.0,0.0,,0.0,0.0,Matches
Lamare Bogarde,nl NED,"DF,MF",Aston Villa,20,2004,5.3,0,1,1,100.0,0.19,0.19,0.00,0.00,20.2,0,0,0,0.0,0.0,0.04,0.0,0.0,Matches
Willy Boly,ci CIV,DF,Nott'ham Forest,33,1991,1.7,0,1,1,100.0,0.60,0.60,0.00,0.00,10.2,0,0,0,0.1,0.1,0.07,-0.1,-0.1,Matches
Sven Botman,nl NED,DF,Newcastle Utd,24,2000,4.6,0,5,2,40.0,1.09,0.44,0.00,0.00,7.1,0,0,0,0.5,0.5,0.12,-0.5,-0.5,Matches
Jarrod Bowen,eng ENG,"FW,MF",West Ham,27,1996,33.0,13,86,36,41.9,2.60,1.09,0.14,0.33,17.4,1,1,1,8.6,7.8,0.09,+4.4,+4.2,Matches
Conor Bradley,nir NIR,DF,Liverpool,21,2003,8.4,0,10,3,30.0,1.19,0.36,0.00,0.00,14.2,0,0,0,0.7,0.7,0.07,-0.7,-0.7,Matches
Jarrad Branthwaite,eng ENG,DF,Everton,22,2002,27.9,0,10,3,30.0,0.36,0.11,0.00,0.00,8.2,0,0,0,1.2,1.2,0.12,-1.2,-1.2,Matches
James Bree,eng ENG,DF,Southampton,26,1997,11.9,0,4,1,25.0,0.33,0.08,0.00,0.00,22.7,0,0,0,0.1,0.1,0.03,-0.1,-0.1,Matches
Ben Brereton,cl CHI,FW,Southampton,25,1999,5.0,0,11,1,9.1,2.20,0.20,0.00,0.00,17.3,0,0,0,0.9,0.9,0.08,-0.9,-0.9,Matches
Nathan Broadhead,wls WAL,"MF,FW",Ipswich Town,26,1998,7.8,2,13,8,61.5,1.67,1.03,0.15,0.25,15.8,0,0,0,1.7,1.7,0.13,+0.3,+0.3,Matches
Armando Broja,al ALB,FW,Everton,22,2001,3.7,0,4,0,0.0,1.08,0.00,0.00,,17.3,0,0,0,0.1,0.1,0.03,-0.1,-0.1,Matches
David Brooks,wls WAL,"FW,MF",Bournemouth,27,1997,10.7,2,25,12,48.0,2.34,1.13,0.08,0.17,16.3,0,0,0,2.5,2.5,0.10,-0.5,-0.5,Matches
Emi Buendía,ar ARG,"MF,FW",Aston Villa,27,1996,1.1,0,5,0,0.0,4.59,0.00,0.00,,19.1,1,0,0,0.7,0.7,0.13,-0.7,-0.7,Matches
Santiago Bueno,uy URU,DF,Wolves,25,1998,18.7,0,6,3,50.0,0.32,0.16,0.00,0.00,14.0,0,0,0,0.4,0.4,0.07,-0.4,-0.4,Matches
Facundo Buonanotte,ar ARG,"FW,MF",Leicester City,19,2004,16.9,5,36,12,33.3,2.13,0.71,0.14,0.42,17.6,0,0,0,3.9,3.9,0.11,+1.1,+1.1,Matches
Player,Nation,Pos,Squad,Age,Born,90s,Gls,Sh,SoT,SoT%,Sh/90,SoT/90,G/Sh,G/SoT,Dist,FK,PK,PKatt,xG,npxG,npxG/Sh,G-xG,np:G-xG,Matches
Cameron Burgess,au AUS,DF,Ipswich Town,28,1995,17.1,0,10,2,20.0,0.58,0.12,0.00,0.00,9.6,0,0,0,1.1,1.1,0.11,-1.1,-1.1,Matches
Dan Burn,eng ENG,DF,Newcastle Utd,32,1992,37.0,1,23,7,30.4,0.62,0.19,0.04,0.14,9.7,0,0,0,2.0,2.0,0.09,-1.0,-1.0,Matches
Wes Burns,wls WAL,"FW,DF",Ipswich Town,29,1994,10.3,0,7,1,14.3,0.68,0.10,0.00,0.00,18.3,0,0,0,0.5,0.5,0.07,-0.5,-0.5,Matches
Nathan Butler-Oyedeji,eng ENG,FW,Arsenal,21,2003,0.1,0,1,1,100.0,12.86,12.86,0.00,0.00,15.6,0,0,0,0.1,0.1,0.07,-0.1,-0.1,Matches
Moisés Caicedo,ec ECU,"MF,DF",Chelsea,22,2001,37.2,1,20,3,15.0,0.54,0.08,0.05,0.33,25.3,0,0,0,0.8,0.8,0.04,+0.2,+0.2,Matches
Tom Cairney,sct SCO,MF,Fulham,33,1991,7.0,2,11,4,36.4,1.58,0.57,0.18,0.50,20.4,2,0,0,0.8,0.8,0.07,+1.2,+1.2,Matches
Jens Cajuste,se SWE,MF,Ipswich Town,24,1999,21.8,1,12,1,8.3,0.55,0.05,0.08,1.00,19.7,0,0,0,0.7,0.7,0.05,+0.3,+0.3,Matches
Riccardo Calafiori,it ITA,DF,Arsenal,22,2002,10.9,2,10,6,60.0,0.92,0.55,0.20,0.33,14.1,0,0,0,0.9,0.9,0.09,+1.1,+1.1,Matches
Dominic Calvert-Lewin,eng ENG,FW,Everton,27,1997,17.9,3,50,19,38.0,2.80,1.06,0.06,0.16,12.3,0,0,0,6.7,6.7,0.14,-3.7,-3.7,Matches
Diego Carlos,br BRA,DF,Aston Villa,31,1993,9.2,0,4,1,25.0,0.43,0.11,0.00,0.00,6.7,0,0,0,0.6,0.6,0.16,-0.6,-0.6,Matches
Fabio Carvalho,pt POR,"FW,MF",Brentford,21,2002,5.1,2,12,5,41.7,2.37,0.99,0.17,0.40,14.7,0,0,0,2.5,2.5,0.21,-0.5,-0.5,Matches
Casemiro,br BRA,MF,Manchester Utd,32,1992,16.6,1,32,10,31.3,1.93,0.60,0.03,0.10,19.5,0,0,0,1.9,1.9,0.06,-0.9,-0.9,Matches
Kaelan Casey,eng ENG,DF,West Ham,19,2004,0.0,0,0,0,,0.00,0.00,,,,0,0,0,0.0,0.0,,0.0,0.0,Matches
Matty Cash,pl POL,DF,Aston Villa,26,1997,23.0,1,13,6,46.2,0.57,0.26,0.08,0.17,18.8,0,0,0,0.5,0.5,0.04,+0.5,+0.5,Matches
Eiran Cashin,ie IRL,DF,Brighton,22,2001,0.2,0,0,0,,0.00,0.00,,,,0,0,0,0.0,0.0,,0.0,0.0,Matches
Timothy Castagne,be BEL,DF,Fulham,28,1995,18.3,0,8,3,37.5,0.44,0.16,0.00,0.00,14.0,0,0,0,0.4,0.4,0.05,-0.4,-0.4,Matches
Trevoh Chalobah,eng ENG,DF,Crystal Palace,25,1999,11.8,3,11,4,36.4,0.93,0.34,0.27,0.75,15.1,0,0,0,1.2,1.2,0.11,+1.8,+1.8,Matches
Trevoh Chalobah,eng ENG,DF,Chelsea,25,1999,10.1,0,7,2,28.6,0.69,0.20,0.00,0.00,11.1,0,0,0,0.8,0.8,0.11,-0.8,-0.8,Matches
Conor Chaplin,eng ENG,"MF,FW",Ipswich Town,27,1997,9.5,1,16,3,18.8,1.68,0.32,0.06,0.33,17.7,0,0,0,1.5,1.5,0.09,-0.5,-0.5,Matches
Youssef Chermiti,pt POR,"FW,MF",Everton,20,2004,0.5,0,3,1,33.3,6.00,2.00,0.00,0.00,13.2,0,0,0,0.1,0.1,0.04,-0.1,-0.1,Matches
Federico Chiesa,it ITA,FW,Liverpool,26,1997,1.2,0,5,2,40.0,4.17,1.67,0.00,0.00,20.4,0,0,0,0.3,0.3,0.07,-0.3,-0.3,Matches
Ben Chilwell,eng ENG,DF,Crystal Palace,27,1996,2.9,1,5,3,60.0,1.74,1.04,0.20,0.33,25.4,2,0,0,0.2,0.2,0.05,+0.8,+0.8,Matches
Chiquinho,pt POR,MF,Wolves,24,2000,0.1,0,0,0,,0.00,0.00,,,,0,0,0,0.0,0.0,,0.0,0.0,Matches
Hamza Choudhury,bd BAN,"MF,DF",Leicester City,26,1997,1.5,0,0,0,,0.00,0.00,,,,0,0,0,0.0,0.0,,0.0,0.0,Matches
Ryan Christie,sct SCO,MF,Bournemouth,29,1995,23.5,2,33,12,36.4,1.40,0.51,0.06,0.17,19.6,0,0,0,1.8,1.8,0.06,+0.2,+0.2,Matches
Player,Nation,Pos,Squad,Age,Born,90s,Gls,Sh,SoT,SoT%,Sh/90,SoT/90,G/Sh,G/SoT,Dist,FK,PK,PKatt,xG,npxG,npxG/Sh,G-xG,np:G-xG,Matches
Harry Clarke,eng ENG,DF,Ipswich Town,23,2001,4.2,0,1,1,100.0,0.24,0.24,0.00,0.00,4.5,0,0,0,0.1,0.1,0.08,-0.1,-0.1,Matches
Jack Clarke,eng ENG,"FW,MF",Ipswich Town,23,2000,13.1,0,17,2,11.8,1.30,0.15,0.00,0.00,18.9,0,0,0,1.2,1.2,0.07,-1.2,-1.2,Matches
Nathaniel Clyne,eng ENG,"DF,MF",Crystal Palace,33,1991,5.4,0,2,0,0.0,0.37,0.00,0.00,,31.4,0,0,0,0.0,0.0,0.01,0.0,0.0,Matches
Conor Coady,eng ENG,DF,Leicester City,31,1993,19.0,1,2,2,100.0,0.11,0.11,0.50,0.50,6.9,0,0,0,0.4,0.4,0.21,+0.6,+0.6,Matches
Séamus Coleman,ie IRL,DF,Everton,35,1988,2.4,0,1,1,100.0,0.42,0.42,0.00,0.00,10.5,0,0,0,0.6,0.6,0.57,-0.6,-0.6,Matches
Nathan Collins,ie IRL,DF,Brentford,23,2001,38.0,2,17,6,35.3,0.45,0.16,0.12,0.33,10.7,0,0,0,2.5,2.5,0.15,-0.5,-0.5,Matches
Toby Collyer,eng ENG,MF,Manchester Utd,20,2004,2.0,0,1,0,0.0,0.50,0.00,0.00,,6.2,0,0,0,0.2,0.2,0.17,-0.2,-0.2,Matches
Levi Colwill,eng ENG,DF,Chelsea,21,2003,35.0,2,17,4,23.5,0.49,0.11,0.12,0.50,9.5,0,0,0,1.9,1.9,0.11,+0.1,+0.1,Matches
Lewis Cook,eng ENG,"MF,DF",Bournemouth,27,1997,33.1,1,14,4,28.6,0.42,0.12,0.07,0.25,23.4,1,0,0,0.9,0.9,0.07,+0.1,+0.1,Matches
Maxwel Cornet,ci CIV,FW,Southampton,27,1996,0.8,0,1,0,0.0,1.25,0.00,0.00,,18.8,0,0,0,0.2,0.2,0.16,-0.2,-0.2,Matches
Vladimír Coufal,cz CZE,DF,West Ham,31,1992,11.9,0,7,2,28.6,0.59,0.17,0.00,0.00,15.5,0,0,0,0.3,0.3,0.04,-0.3,-0.3,Matches
Woyo Coulibaly,ml MLI,DF,Leicester City,25,1999,1.2,0,2,1,50.0,1.65,0.83,0.00,0.00,19.4,0,0,0,0.0,0.0,0.02,0.0,0.0,Matches
Aaron Cresswell,eng ENG,DF,West Ham,34,1989,9.2,0,5,0,0.0,0.55,0.00,0.00,,23.8,2,0,0,0.2,0.2,0.05,-0.2,-0.2,Matches
Marc Cucurella,es ESP,DF,Chelsea,26,1998,33.2,5,24,11,45.8,0.72,0.33,0.21,0.45,16.1,0,0,0,2.8,2.8,0.12,+2.2,+2.2,Matches
Jorge Cuenca,es ESP,DF,Fulham,24,1999,3.9,0,1,0,0.0,0.26,0.00,0.00,,13.1,0,0,0,0.0,0.0,0.02,0.0,0.0,Matches
Matheus Cunha,br BRA,"MF,FW",Wolves,25,1999,28.9,15,110,44,40.0,3.81,1.52,0.14,0.34,20.5,12,0,0,8.6,8.6,0.08,+6.4,+6.4,Matches
Patson Daka,zm ZAM,"FW,MF",Leicester City,25,1998,8.2,1,15,4,26.7,1.83,0.49,0.07,0.25,14.8,0,0,0,1.3,1.3,0.08,-0.3,-0.3,Matches
Diogo Dalot,pt POR,DF,Manchester Utd,25,1999,31.3,0,25,5,20.0,0.80,0.16,0.00,0.00,16.1,0,0,0,2.0,2.0,0.08,-2.0,-2.0,Matches
Mikkel Damsgaard,dk DEN,"MF,FW",Brentford,24,2000,32.3,2,35,7,20.0,1.08,0.22,0.06,0.29,17.6,3,0,0,2.8,2.8,0.08,-0.8,-0.8,Matches
Danilo,br BRA,"MF,FW",Nott'ham Forest,23,2001,3.1,0,0,0,,0.00,0.00,,,,0,0,0,0.0,0.0,,0.0,0.0,Matches
Jayden Danns,eng ENG,MF,Liverpool,18,2006,0.1,0,0,0,,0.00,0.00,,,,0,0,0,0.0,0.0,,0.0,0.0,Matches
Kevin Danso,at AUT,DF,Tottenham,25,1998,9.4,0,7,3,42.9,0.75,0.32,0.00,0.00,16.9,0,0,0,0.4,0.4,0.06,-0.4,-0.4,Matches
Ben Davies,wls WAL,DF,Tottenham,31,1993,14.8,0,5,1,20.0,0.34,0.07,0.00,0.00,17.0,0,0,0,0.3,0.3,0.06,-0.3,-0.3,Matches
Leif Davis,eng ENG,DF,Ipswich Town,24,2000,30.5,1,16,2,12.5,0.52,0.07,0.06,0.50,19.8,2,0,0,1.0,1.0,0.06,0.0,0.0,Matches
Craig Dawson,eng ENG,DF,Wolves,34,1990,10.8,0,5,1,20.0,0.46,0.09,0.00,0.00,8.5,0,0,0,0.5,0.5,0.10,-0.5,-0.5,Matches
Player,Nation,Pos,Squad,Age,Born,90s,Gls,Sh,SoT,SoT%,Sh/90,SoT/90,G/Sh,G/SoT,Dist,FK,PK,PKatt,xG,npxG,npxG/Sh,G-xG,np:G-xG,Matches
Kevin De Bruyne,be BEL,"MF,FW",Manchester City,33,1991,18.9,4,57,15,26.3,3.01,0.79,0.07,0.27,21.4,8,0,0,5.1,5.1,0.09,-1.1,-1.1,Matches
Bobby De Cordova-Reid,jm JAM,FW,Leicester City,31,1993,8.3,1,7,3,42.9,0.85,0.36,0.14,0.33,25.1,0,0,0,0.8,0.8,0.11,+0.2,+0.2,Matches
Liam Delap,eng ENG,FW,Ipswich Town,21,2003,28.8,12,66,29,43.9,2.29,1.01,0.15,0.34,16.0,0,2,2,9.3,7.8,0.12,+2.7,+2.2,Matches
Sepp van den Berg,nl NED,DF,Brentford,22,2001,28.7,0,20,6,30.0,0.70,0.21,0.00,0.00,10.5,0,0,0,2.0,2.0,0.10,-2.0,-2.0,Matches
Justin Devenny,nir NIR,MF,Crystal Palace,20,2003,5.6,1,10,6,60.0,1.78,1.07,0.10,0.17,21.1,1,0,0,0.8,0.8,0.08,+0.2,+0.2,Matches
Kiernan Dewsbury-Hall,eng ENG,"MF,FW",Chelsea,25,1998,2.9,0,1,0,0.0,0.34,0.00,0.00,,7.8,0,0,0,0.2,0.2,0.22,-0.2,-0.2,Matches
Amad Diallo,ci CIV,"MF,FW",Manchester Utd,22,2002,21.1,8,47,17,36.2,2.23,0.80,0.17,0.47,17.5,0,0,0,4.7,4.7,0.10,+3.3,+3.3,Matches
Rúben Dias,pt POR,DF,Manchester City,27,1997,25.2,0,21,7,33.3,0.83,0.28,0.00,0.00,19.4,0,0,0,1.5,1.5,0.07,-1.5,-1.5,Matches
Luis Díaz,co COL,FW,Liverpool,27,1997,26.7,13,71,30,42.3,2.66,1.13,0.18,0.43,13.4,0,0,0,12.0,12.0,0.17,+1.0,+1.0,Matches
Tyler Dibling,eng ENG,"FW,MF",Southampton,18,2006,20.8,2,28,9,32.1,1.34,0.43,0.07,0.22,19.3,0,0,0,2.5,2.5,0.09,-0.5,-0.5,Matches
Lucas Digne,fr FRA,DF,Aston Villa,31,1993,26.1,0,13,3,23.1,0.50,0.11,0.00,0.00,22.7,5,0,0,0.8,0.8,0.06,-0.8,-0.8,Matches
Issa Diop,fr FRA,DF,Fulham,27,1997,14.9,0,5,2,40.0,0.34,0.13,0.00,0.00,10.7,0,0,0,0.5,0.5,0.11,-0.5,-0.5,Matches
Axel Disasi,fr FRA,DF,Aston Villa,26,1998,5.4,0,2,0,0.0,0.37,0.00,0.00,,19.5,0,0,0,0.1,0.1,0.04,-0.1,-0.1,Matches
Axel Disasi,fr FRA,DF,Chelsea,26,1998,4.0,1,2,1,50.0,0.49,0.25,0.50,1.00,12.3,0,0,0,0.3,0.3,0.14,+0.7,+0.7,Matches
Roman Dixon,eng ENG,DF,Everton,19,2004,1.0,0,0,0,,0.00,0.00,,,,0,0,0,0.0,0.0,,0.0,0.0,Matches
Nasser Djiga,bf BFA,DF,Wolves,21,2002,0.7,0,0,0,,0.00,0.00,,,,0,0,0,0.0,0.0,,0.0,0.0,Matches
Matt Doherty,ie IRL,DF,Wolves,32,1992,23.4,2,10,3,30.0,0.43,0.13,0.20,0.67,11.4,0,0,0,1.0,1.0,0.10,+1.0,+1.0,Matches
Jeremy Doku,be BEL,"FW,MF",Manchester City,22,2002,16.8,3,29,9,31.0,1.72,0.53,0.10,0.33,17.7,0,0,0,1.3,1.3,0.05,+1.7,+1.7,Matches
Nicolás Domínguez,ar ARG,"MF,FW",Nott'ham Forest,26,1998,21.8,0,21,9,42.9,0.96,0.41,0.00,0.00,18.9,0,0,0,1.5,1.5,0.07,-1.5,-1.5,Matches
Patrick Dorgu,dk DEN,DF,Manchester Utd,19,2004,9.4,0,10,2,20.0,1.07,0.21,0.00,0.00,16.4,0,0,0,0.4,0.4,0.04,-0.4,-0.4,Matches
Alfie Dorrington,eng ENG,DF,Tottenham,19,2005,0.2,0,0,0,,0.00,0.00,,,,0,0,0,0.0,0.0,,0.0,0.0,Matches
Abdoulaye Doucouré,ml MLI,MF,Everton,31,1993,28.5,3,31,9,29.0,1.09,0.32,0.10,0.33,14.0,0,0,0,4.1,4.1,0.13,-1.1,-1.1,Matches
Cheick Doucouré,ml MLI,MF,Crystal Palace,24,2000,5.0,0,7,0,0.0,1.39,0.00,0.00,,20.6,0,0,0,0.4,0.4,0.06,-0.4,-0.4,Matches
Flynn Downes,eng ENG,MF,Southampton,25,1999,23.9,1,10,3,30.0,0.42,0.13,0.10,0.33,18.7,0,0,0,0.6,0.6,0.06,+0.4,+0.4,Matches
Tommy Doyle,eng ENG,MF,Wolves,22,2001,5.4,0,9,2,22.2,1.66,0.37,0.00,0.00,24.5,1,0,0,0.6,0.6,0.06,-0.6,-0.6,Matches
Player,Nation,Pos,Squad,Age,Born,90s,Gls,Sh,SoT,SoT%,Sh/90,SoT/90,G/Sh,G/SoT,Dist,FK,PK,PKatt,xG,npxG,npxG/Sh,G-xG,np:G-xG,Matches
Radu Drăgușin,ro ROU,DF,Tottenham,22,2002,13.9,0,5,1,20.0,0.36,0.07,0.00,0.00,12.7,0,0,0,0.1,0.1,0.02,-0.1,-0.1,Matches
Martin Dúbravka,sk SVK,GK,Newcastle Utd,35,1989,10.0,0,0,0,,0.00,0.00,,,,0,0,0,0.0,0.0,,0.0,0.0,Matches
Lewis Dunk,eng ENG,DF,Brighton,32,1991,23.1,0,12,3,25.0,0.52,0.13,0.00,0.00,12.1,1,0,0,0.8,0.8,0.07,-0.8,-0.8,Matches
Jáder Durán,co COL,FW,Aston Villa,20,2003,7.1,7,31,15,48.4,4.37,2.12,0.23,0.47,15.6,0,0,0,4.9,4.9,0.16,+2.1,+2.1,Matches
Claudio Echeverri,ar ARG,FW,Manchester City,18,2006,0.1,0,0,0,,0.00,0.00,,,,0,0,0,0.0,0.0,,0.0,0.0,Matches
Ederson,br BRA,GK,Manchester City,30,1993,25.8,0,0,0,,0.00,0.00,,,,0,0,0,0.0,0.0,,0.0,0.0,Matches
George Edmundson,eng ENG,DF,Ipswich Town,26,1997,0.0,0,0,0,,0.00,0.00,,,,0,0,0,0.0,0.0,,0.0,0.0,Matches
Odsonne Édouard,fr FRA,"MF,FW",Crystal Palace,26,1998,1.3,0,5,1,20.0,3.91,0.78,0.00,0.00,20.9,0,0,0,0.4,0.4,0.08,-0.4,-0.4,Matches
Odsonne Édouard,fr FRA,FW,Leicester City,26,1998,0.3,0,0,0,,0.00,0.00,,,,0,0,0,0.0,0.0,,0.0,0.0,Matches
Samuel Edozie,eng ENG,"DF,FW",Southampton,21,2003,0.7,0,0,0,,0.00,0.00,,,,0,0,0,0.0,0.0,,0.0,0.0,Matches
Ronnie Edwards,eng ENG,DF,Southampton,21,2003,0.1,0,0,0,,0.00,0.00,,,,0,0,0,0.0,0.0,,0.0,0.0,Matches
Anthony Elanga,se SWE,"FW,MF",Nott'ham Forest,22,2002,27.8,6,44,24,54.5,1.58,0.86,0.14,0.25,17.6,6,0,0,4.5,4.5,0.10,+1.5,+1.5,Matches
Harvey Elliott,eng ENG,MF,Liverpool,21,2003,4.1,1,17,4,23.5,4.12,0.97,0.06,0.25,16.9,1,0,0,1.8,1.8,0.10,-0.8,-0.8,Matches
Yunus Emre Konak,tr TUR,"FW,MF",Brentford,18,2006,0.5,0,1,0,0.0,2.14,0.00,0.00,,21.4,0,0,0,0.2,0.2,0.15,-0.2,-0.2,Matches
Julio Enciso,py PAR,"MF,FW",Ipswich Town,20,2004,9.7,2,32,11,34.4,3.31,1.14,0.06,0.18,23.0,1,0,0,1.7,1.7,0.05,+0.3,+0.3,Matches
Julio Enciso,py PAR,"MF,FW",Brighton,20,2004,3.3,0,20,11,55.0,6.12,3.37,0.00,0.00,21.3,1,0,0,1.0,1.0,0.05,-1.0,-1.0,Matches
Wataru Endo,jp JPN,"MF,DF",Liverpool,31,1993,3.0,0,0,0,,0.00,0.00,,,,0,0,0,0.0,0.0,,0.0,0.0,Matches
Christian Eriksen,dk DEN,MF,Manchester Utd,32,1992,11.8,1,14,1,7.1,1.19,0.08,0.00,0.00,25.8,3,1,1,1.4,0.6,0.04,-0.4,-0.6,Matches
Romain Esse,eng ENG,MF,Crystal Palace,19,2005,1.5,1,1,1,100.0,0.65,0.65,1.00,1.00,2.8,0,0,0,0.3,0.3,0.32,+0.7,+0.7,Matches
Pervis Estupiñán,ec ECU,DF,Brighton,26,1998,26.7,1,28,9,32.1,1.05,0.34,0.04,0.11,24.5,3,0,0,1.2,1.2,0.04,-0.2,-0.2,Matches
Evanilson,br BRA,FW,Bournemouth,24,1999,25.8,10,72,31,43.1,2.79,1.20,0.14,0.32,12.8,0,0,1,12.5,11.7,0.16,-2.5,-1.7,Matches
Jake Evans,,FW,Leicester City,,,0.3,0,0,0,,0.00,0.00,,,,0,0,0,0.0,0.0,,0.0,0.0,Matches
Jonny Evans,nir NIR,DF,Manchester Utd,36,1988,3.5,0,2,1,50.0,0.57,0.29,0.00,0.00,11.4,0,0,0,0.1,0.1,0.06,-0.1,-0.1,Matches
Eberechi Eze,eng ENG,"MF,FW",Crystal Palace,26,1998,28.8,8,100,27,27.0,3.48,0.94,0.07,0.26,21.5,16,1,2,10.5,8.9,0.09,-2.5,-1.9,Matches
Łukasz Fabiański,pl POL,GK,West Ham,39,1985,12.9,0,0,0,,0.00,0.00,,,,0,0,0,0.0,0.0,,0.0,0.0,Matches
Player,Nation,Pos,Squad,Age,Born,90s,Gls,Sh,SoT,SoT%,Sh/90,SoT/90,G/Sh,G/SoT,Dist,FK,PK,PKatt,xG,npxG,npxG/Sh,G-xG,np:G-xG,Matches
Wout Faes,be BEL,DF,Leicester City,26,1998,31.3,1,12,1,8.3,0.38,0.03,0.08,1.00,9.7,0,0,0,1.5,1.5,0.13,-0.5,-0.5,Matches
Abdul Fatawu Issahaku,gh GHA,FW,Leicester City,20,2004,6.4,0,13,5,38.5,2.02,0.78,0.00,0.00,31.2,0,0,0,0.4,0.4,0.03,-0.4,-0.4,Matches
João Félix,pt POR,"FW,MF",Chelsea,24,1999,4.1,1,20,5,25.0,4.88,1.22,0.05,0.20,15.9,0,0,0,2.2,2.2,0.11,-1.2,-1.2,Matches
Evan Ferguson,ie IRL,FW,West Ham,19,2004,1.7,0,5,1,20.0,2.88,0.58,0.00,0.00,17.2,0,0,0,0.6,0.6,0.11,-0.6,-0.6,Matches
Evan Ferguson,ie IRL,FW,Brighton,19,2004,2.7,1,7,2,28.6,2.56,0.73,0.14,0.50,19.2,1,0,0,0.5,0.5,0.08,+0.5,+0.5,Matches
Bruno Fernandes,pt POR,MF,Manchester Utd,29,1994,33.5,8,93,26,28.0,2.77,0.78,0.05,0.19,22.6,12,3,3,9.9,7.6,0.08,-1.9,-2.6,Matches
Mateus Fernandes,pt POR,MF,Southampton,20,2004,32.3,2,42,14,33.3,1.30,0.43,0.05,0.14,18.7,4,0,0,4.0,4.0,0.10,-2.0,-2.0,Matches
Enzo Fernández,ar ARG,MF,Chelsea,23,2001,32.7,6,53,20,37.7,1.62,0.61,0.11,0.30,18.1,2,0,0,6.1,6.1,0.11,-0.1,-0.1,Matches
Mark Flekken,nl NED,GK,Brentford,31,1993,36.4,0,0,0,,0.00,0.00,,,,0,0,0,0.0,0.0,,0.0,0.0,Matches
Phil Foden,eng ENG,"MF,FW",Manchester City,24,2000,19.7,7,54,16,29.6,2.73,0.81,0.13,0.44,18.6,2,0,0,5.2,5.2,0.10,+1.8,+1.8,Matches
Wesley Fofana,fr FRA,DF,Chelsea,23,2000,13.0,0,3,0,0.0,0.23,0.00,0.00,,10.6,0,0,0,0.4,0.4,0.13,-0.4,-0.4,Matches
Carlos Forbs,pt POR,"MF,FW",Wolves,20,2004,2.7,0,2,0,0.0,0.75,0.00,0.00,,19.1,0,0,0,0.1,0.1,0.07,-0.1,-0.1,Matches
Fraser Forster,eng ENG,GK,Tottenham,36,1988,7.0,0,0,0,,0.00,0.00,,,,0,0,0,0.0,0.0,,0.0,0.0,Matches
Matheus França,br BRA,"MF,FW",Crystal Palace,20,2004,0.6,1,6,3,50.0,9.82,4.91,0.17,0.33,15.8,0,0,0,0.3,0.3,0.04,+0.7,+0.7,Matches
Ryan Fraser,sct SCO,"FW,DF",Southampton,30,1994,3.4,0,1,1,100.0,0.29,0.29,0.00,0.00,31.6,0,0,0,0.0,0.0,0.03,0.0,0.0,Matches
Tyler Fredricson,eng ENG,DF,Manchester Utd,19,2005,1.8,0,0,0,,0.00,0.00,,,,0,0,0,0.0,0.0,,0.0,0.0,Matches
Niclas Füllkrug,de GER,FW,West Ham,31,1993,8.8,3,16,7,43.8,1.82,0.80,0.19,0.43,10.3,0,0,0,2.2,2.2,0.14,+0.8,+0.8,Matches
Cody Gakpo,nl NED,FW,Liverpool,25,1999,21.5,10,57,22,38.6,2.65,1.02,0.18,0.45,15.1,0,0,0,7.1,7.1,0.12,+2.9,+2.9,Matches
Idrissa Gana Gueye,sn SEN,MF,Everton,34,1989,34.0,0,27,5,18.5,0.79,0.15,0.00,0.00,25.2,0,0,0,1.1,1.1,0.04,-1.1,-1.1,Matches
Andrés García,es ESP,"DF,MF",Aston Villa,21,2003,3.5,0,2,0,0.0,0.57,0.00,0.00,,26.6,0,0,0,0.0,0.0,0.02,0.0,0.0,Matches
Alejandro Garnacho,ar ARG,"MF,FW",Manchester Utd,20,2004,24.4,6,84,29,34.5,3.44,1.19,0.07,0.21,17.0,0,0,0,7.3,7.3,0.09,-1.3,-1.3,Matches
James Garner,eng ENG,"MF,DF",Everton,23,2001,17.7,0,12,4,33.3,0.68,0.23,0.00,0.00,20.4,1,0,0,0.7,0.7,0.06,-0.7,-0.7,Matches
Tyrique George,eng ENG,FW,Chelsea,18,2006,2.0,1,3,1,33.3,1.48,0.49,0.33,1.00,15.0,0,0,0,0.2,0.2,0.07,+0.8,+0.8,Matches
Morgan Gibbs-White,eng ENG,MF,Nott'ham Forest,24,2000,31.1,7,61,21,34.4,1.96,0.67,0.11,0.33,17.4,4,0,0,6.3,6.3,0.10,+0.7,+0.7,Matches
Billy Gilmour,sct SCO,MF,Brighton,23,2001,1.1,0,1,0,0.0,0.92,0.00,0.00,,25.5,1,0,0,0.1,0.1,0.08,-0.1,-0.1,Matches
Player,Nation,Pos,Squad,Age,Born,90s,Gls,Sh,SoT,SoT%,Sh/90,SoT/90,G/Sh,G/SoT,Dist,FK,PK,PKatt,xG,npxG,npxG/Sh,G-xG,np:G-xG,Matches
Ben Godfrey,eng ENG,DF,Ipswich Town,26,1998,1.8,0,0,0,,0.00,0.00,,,,0,0,0,0.0,0.0,,0.0,0.0,Matches
Martial Godo,eng ENG,"FW,DF",Fulham,21,2003,0.3,0,0,0,,0.00,0.00,,,,0,0,0,0.0,0.0,,0.0,0.0,Matches
Michael Golding,eng ENG,MF,Leicester City,18,2006,0.0,0,0,0,,0.00,0.00,,,,0,0,0,0.0,0.0,,0.0,0.0,Matches
João Gomes,br BRA,MF,Wolves,23,2001,33.0,3,35,7,20.0,1.06,0.21,0.09,0.43,18.3,0,0,0,2.9,2.9,0.08,+0.1,+0.1,Matches
Rodrigo Gomes,pt POR,"DF,FW",Wolves,21,2003,9.0,2,7,3,42.9,0.78,0.33,0.29,0.67,16.8,0,0,0,0.7,0.7,0.10,+1.3,+1.3,Matches
Toti Gomes,pt POR,DF,Wolves,25,1999,29.0,0,7,2,28.6,0.24,0.07,0.00,0.00,11.6,0,0,0,0.7,0.7,0.10,-0.7,-0.7,Matches
Diego Gómez,py PAR,MF,Brighton,21,2003,5.7,1,9,3,33.3,1.57,0.52,0.11,0.33,19.6,2,0,0,0.9,0.9,0.09,+0.1,+0.1,Matches
Joe Gomez,eng ENG,DF,Liverpool,27,1997,5.8,0,3,2,66.7,0.52,0.35,0.00,0.00,11.9,0,0,0,0.3,0.3,0.11,-0.3,-0.3,Matches
Nicolás González,es ESP,MF,Manchester City,22,2002,8.4,1,9,2,22.2,1.07,0.24,0.11,0.50,19.5,0,0,0,0.5,0.5,0.05,+0.5,+0.5,Matches
Anthony Gordon,eng ENG,"FW,MF",Newcastle Utd,23,2001,27.0,6,57,16,28.1,2.11,0.59,0.09,0.31,17.0,1,1,2,8.0,6.5,0.11,-2.0,-1.5,Matches
Ryan Gravenberch,nl NED,MF,Liverpool,22,2002,35.1,0,20,5,25.0,0.57,0.14,0.00,0.00,24.5,0,0,0,1.1,1.1,0.06,-1.1,-1.1,Matches
Archie Gray,eng ENG,"DF,MF",Tottenham,18,2006,19.5,0,1,1,100.0,0.05,0.05,0.00,0.00,24.6,0,0,0,0.0,0.0,0.02,0.0,0.0,Matches
Jack Grealish,eng ENG,"FW,MF",Manchester City,28,1995,8.0,1,15,5,33.3,1.87,0.62,0.07,0.20,16.3,0,0,0,1.1,1.1,0.08,-0.1,-0.1,Matches
Jacob Greaves,eng ENG,DF,Ipswich Town,23,2000,24.5,1,10,4,40.0,0.41,0.16,0.10,0.25,9.7,0,0,0,1.3,1.3,0.13,-0.3,-0.3,Matches
Brajan Gruda,de GER,"MF,FW",Brighton,20,2004,7.6,1,11,5,45.5,1.44,0.66,0.09,0.20,16.9,2,0,0,1.2,1.2,0.11,-0.2,-0.2,Matches
Albert Grønbaek,dk DEN,"FW,MF",Southampton,23,2001,1.6,0,2,0,0.0,1.26,0.00,0.00,,22.4,0,0,0,0.1,0.1,0.06,-0.1,-0.1,Matches
Gonçalo Guedes,pt POR,"MF,FW",Wolves,27,1996,11.1,2,27,8,29.6,2.44,0.72,0.07,0.25,18.9,0,0,0,3.2,3.2,0.12,-1.2,-1.2,Matches
Marc Guéhi,eng ENG,DF,Crystal Palace,24,2000,34.0,3,15,7,46.7,0.44,0.21,0.20,0.43,10.7,0,0,0,2.0,2.0,0.13,+1.0,+1.0,Matches
Luis Guilherme,br BRA,"MF,FW",West Ham,18,2006,1.7,0,4,1,25.0,2.40,0.60,0.00,0.00,13.6,0,0,0,0.4,0.4,0.10,-0.4,-0.4,Matches
Bruno Guimarães,br BRA,MF,Newcastle Utd,26,1997,36.3,5,45,13,28.9,1.24,0.36,0.11,0.38,16.4,0,0,0,4.3,4.3,0.10,+0.7,+0.7,Matches
Marc Guiu,es ESP,FW,Chelsea,18,2006,0.8,0,0,0,,0.00,0.00,,,,0,0,0,0.0,0.0,,0.0,0.0,Matches
İlkay Gündoğan,de GER,MF,Manchester City,33,1990,24.7,1,27,7,25.9,1.09,0.28,0.04,0.14,18.1,2,0,0,3.2,3.2,0.12,-2.2,-2.2,Matches
Malo Gusto,fr FRA,DF,Chelsea,21,2003,20.7,0,22,4,18.2,1.06,0.19,0.00,0.00,21.3,0,0,0,1.7,1.7,0.08,-1.7,-1.7,Matches
Joško Gvardiol,hr CRO,DF,Manchester City,22,2002,36.4,5,40,12,30.0,1.10,0.33,0.13,0.42,12.9,0,0,0,4.6,4.3,0.11,+0.4,+0.7,Matches
Erling Haaland,no NOR,FW,Manchester City,24,2000,30.4,22,104,55,52.9,3.42,1.81,0.18,0.35,12.3,1,3,4,22.0,18.8,0.19,0.0,+0.2,Matches
Player,Nation,Pos,Squad,Age,Born,90s,Gls,Sh,SoT,SoT%,Sh/90,SoT/90,G/Sh,G/SoT,Dist,FK,PK,PKatt,xG,npxG,npxG/Sh,G-xG,np:G-xG,Matches
Lewis Hall,eng ENG,DF,Newcastle Utd,19,2004,24.3,0,11,1,9.1,0.45,0.04,0.00,0.00,18.8,0,0,0,0.4,0.4,0.04,-0.4,-0.4,Matches
Ali Al Hamadi,iq IRQ,FW,Ipswich Town,22,2002,1.5,0,4,0,0.0,2.69,0.00,0.00,,15.7,0,0,0,0.4,0.4,0.09,-0.4,-0.4,Matches
Marcus Harness,eng ENG,MF,Ipswich Town,28,1996,0.5,0,0,0,,0.00,0.00,,,,0,0,0,0.0,0.0,,0.0,0.0,Matches
Jack Harrison,eng ENG,FW,Everton,27,1996,23.1,1,29,7,24.1,1.26,0.30,0.03,0.14,16.2,0,0,0,3.5,3.5,0.12,-2.5,-2.5,Matches
Taylor Harwood-Bellis,eng ENG,DF,Southampton,22,2002,31.4,1,20,8,40.0,0.64,0.25,0.05,0.13,10.6,0,0,0,1.8,1.8,0.09,-0.8,-0.8,Matches
Kai Havertz,de GER,"FW,MF",Arsenal,25,1999,20.8,9,53,21,39.6,2.54,1.01,0.17,0.43,11.6,0,0,0,9.5,9.5,0.18,-0.5,-0.5,Matches
Ayden Heaven,eng ENG,DF,Manchester Utd,17,2006,1.9,0,2,0,0.0,1.06,0.00,0.00,,15.5,0,0,0,0.1,0.1,0.07,-0.1,-0.1,Matches
Jan Paul van Hecke,nl NED,DF,Brighton,24,2000,32.9,1,17,5,29.4,0.52,0.15,0.06,0.20,13.9,0,0,0,1.3,1.3,0.08,-0.3,-0.3,Matches
Hwang Hee-chan,kr KOR,"MF,FW",Wolves,28,1996,7.3,2,5,3,60.0,0.68,0.41,0.40,0.67,17.4,0,0,0,0.8,0.8,0.16,+1.2,+1.2,Matches
Dean Henderson,eng ENG,GK,Crystal Palace,27,1997,38.0,0,1,0,0.0,0.03,0.00,0.00,,14.9,0,0,0,0.0,0.0,0.01,0.0,0.0,Matches
Rico Henry,eng ENG,DF,Brentford,27,1997,1.1,0,0,0,,0.00,0.00,,,,0,0,0,0.0,0.0,,0.0,0.0,Matches
Mads Hermansen,dk DEN,GK,Leicester City,24,2000,26.5,0,0,0,,0.00,0.00,,,,0,0,0,0.0,0.0,,0.0,0.0,Matches
Son Heung-min,kr KOR,FW,Tottenham,32,1992,23.4,7,55,24,43.6,2.35,1.02,0.11,0.25,17.0,1,1,2,7.2,5.7,0.11,-0.2,+0.3,Matches
James Hill,eng ENG,DF,Bournemouth,22,2002,5.0,0,6,0,0.0,1.21,0.00,0.00,,13.9,0,0,0,0.3,0.3,0.05,-0.3,-0.3,Matches
Jack Hinshelwood,eng ENG,"MF,DF",Brighton,19,2005,20.5,5,18,10,55.6,0.88,0.49,0.28,0.50,12.2,0,0,0,2.7,2.7,0.15,+2.3,+2.3,Matches
George Hirst,sct SCO,FW,Ipswich Town,25,1999,7.3,3,14,7,50.0,1.91,0.95,0.21,0.43,11.3,0,0,0,2.1,2.1,0.15,+0.9,+0.9,Matches
Mason Holgate,jm JAM,"FW,DF",Everton,27,1996,0.1,0,0,0,,0.00,0.00,,,,0,0,0,0.0,0.0,,0.0,0.0,Matches
Harry Howell,eng ENG,FW,Brighton,15,2008,0.1,0,0,0,,0.00,0.00,,,,0,0,0,0.0,0.0,,0.0,0.0,Matches
Callum Hudson-Odoi,eng ENG,"FW,MF",Nott'ham Forest,23,2000,24.4,5,37,17,45.9,1.52,0.70,0.14,0.29,18.3,0,0,0,2.5,2.5,0.07,+2.5,+2.5,Matches
Will Hughes,eng ENG,MF,Crystal Palace,29,1995,23.4,0,22,1,4.5,0.94,0.04,0.00,0.00,22.3,0,0,0,1.1,1.1,0.05,-1.1,-1.1,Matches
Dean Huijsen,es ESP,DF,Bournemouth,19,2005,27.0,3,18,3,16.7,0.67,0.11,0.17,1.00,11.9,0,0,0,1.9,1.9,0.10,+1.1,+1.1,Matches
Omari Hutchinson,eng ENG,"MF,FW",Ipswich Town,20,2003,28.7,3,45,18,40.0,1.57,0.63,0.07,0.17,19.6,4,0,0,2.9,2.9,0.06,+0.1,+0.1,Matches
Rasmus Højlund,dk DEN,FW,Manchester Utd,21,2003,22.3,4,32,13,40.6,1.44,0.58,0.13,0.31,12.9,0,0,0,5.3,5.3,0.16,-1.3,-1.3,Matches
Igor,br BRA,DF,Brighton,26,1998,10.7,0,1,0,0.0,0.09,0.00,0.00,,14.1,0,0,0,0.0,0.0,0.05,0.0,0.0,Matches
Danny Ings,eng ENG,"FW,MF",West Ham,32,1992,3.2,1,14,5,35.7,4.44,1.58,0.07,0.20,15.5,0,0,0,2.3,2.3,0.16,-1.3,-1.3,Matches
Player,Nation,Pos,Squad,Age,Born,90s,Gls,Sh,SoT,SoT%,Sh/90,SoT/90,G/Sh,G/SoT,Dist,FK,PK,PKatt,xG,npxG,npxG/Sh,G-xG,np:G-xG,Matches
Tim Iroegbunam,eng ENG,MF,Everton,21,2003,6.4,0,5,0,0.0,0.78,0.00,0.00,,22.5,0,0,0,0.2,0.2,0.05,-0.2,-0.2,Matches
Andy Irving,sct SCO,MF,West Ham,24,2000,1.8,0,4,2,50.0,2.17,1.08,0.00,0.00,26.2,0,0,0,0.1,0.1,0.03,-0.1,-0.1,Matches
Alexander Isak,se SWE,FW,Newcastle Utd,24,1999,30.6,23,95,41,43.2,3.10,1.34,0.20,0.46,14.5,3,4,4,20.3,17.2,0.18,+2.7,+1.8,Matches
Alex Iwobi,ng NGA,"FW,MF",Fulham,28,1996,33.1,9,68,29,42.6,2.05,0.88,0.13,0.31,18.3,0,0,0,4.7,4.7,0.07,+4.3,+4.3,Matches
Nicolas Jackson,sn SEN,FW,Chelsea,23,2001,24.7,10,76,34,44.7,3.08,1.38,0.13,0.29,12.9,0,0,0,12.3,12.3,0.16,-2.3,-2.3,Matches
Reece James,eng ENG,"DF,MF",Chelsea,24,1999,11.8,1,11,3,27.3,0.93,0.25,0.09,0.33,23.2,3,0,0,0.4,0.4,0.04,+0.6,+0.6,Matches
Vitaly Janelt,de GER,MF,Brentford,26,1998,25.0,1,14,4,28.6,0.56,0.16,0.07,0.25,17.7,0,0,0,0.8,0.8,0.06,+0.2,+0.2,Matches
Vitezslav Jaros,cz CZE,GK,Liverpool,23,2001,0.1,0,0,0,,0.00,0.00,,,,0,0,0,0.0,0.0,,0.0,0.0,Matches
Daniel Jebbison,ca CAN,FW,Bournemouth,20,2003,1.3,1,5,2,40.0,3.78,1.51,0.20,0.50,10.6,0,0,0,1.0,1.0,0.20,0.0,0.0,Matches
Mathias Jensen,dk DEN,MF,Brentford,28,1996,9.6,0,6,1,16.7,0.63,0.10,0.00,0.00,23.1,0,0,0,0.2,0.2,0.04,-0.2,-0.2,Matches
Gabriel Jesus,br BRA,FW,Arsenal,27,1997,6.8,3,20,7,35.0,2.96,1.04,0.15,0.43,11.1,0,0,0,3.0,3.0,0.15,0.0,0.0,Matches
Raúl Jiménez,mx MEX,FW,Fulham,33,1991,27.7,12,93,30,32.3,3.36,1.08,0.10,0.30,14.5,1,3,3,12.0,9.6,0.10,0.0,-0.6,Matches
Kim Jisoo,kr KOR,DF,Brentford,19,2004,0.3,0,0,0,,0.00,0.00,,,,0,0,0,0.0,0.0,,0.0,0.0,Matches
João Pedro,br BRA,"FW,MF",Brighton,22,2001,21.6,10,42,15,35.7,1.94,0.69,0.12,0.33,17.2,0,5,5,8.9,5.0,0.12,+1.1,0.0,Matches
Joelinton,br BRA,"MF,FW",Newcastle Utd,27,1996,26.6,4,45,13,28.9,1.69,0.49,0.09,0.31,14.0,0,0,0,3.9,3.9,0.09,+0.1,+0.1,Matches
Ben Johnson,eng ENG,"DF,FW",Ipswich Town,24,2000,15.0,1,7,3,42.9,0.47,0.20,0.14,0.33,12.6,0,0,0,1.1,1.1,0.15,-0.1,-0.1,Matches
Brennan Johnson,wls WAL,FW,Tottenham,23,2001,24.2,11,54,20,37.0,2.23,0.83,0.20,0.55,11.4,0,0,0,10.4,10.4,0.19,+0.6,+0.6,Matches
Sam Johnstone,eng ENG,GK,Wolves,31,1993,7.0,0,0,0,,0.00,0.00,,,,0,0,0,0.0,0.0,,0.0,0.0,Matches
Curtis Jones,eng ENG,"MF,DF",Liverpool,23,2001,19.0,3,34,13,38.2,1.79,0.68,0.09,0.23,17.1,0,0,0,4.3,4.3,0.13,-1.3,-1.3,Matches
Jorginho,it ITA,MF,Arsenal,32,1991,7.8,0,2,0,0.0,0.26,0.00,0.00,,23.2,0,0,0,0.1,0.1,0.03,-0.1,-0.1,Matches
Diogo Jota,pt POR,FW,Liverpool,27,1996,13.3,6,51,13,25.5,3.84,0.98,0.12,0.46,12.4,0,0,0,7.9,7.9,0.16,-1.9,-1.9,Matches
James Justin,eng ENG,DF,Leicester City,26,1998,32.4,2,25,6,24.0,0.77,0.19,0.08,0.33,16.2,2,0,0,1.5,1.5,0.06,+0.5,+0.5,Matches
Filip Jørgensen,dk DEN,GK,Chelsea,22,2002,6.0,0,0,0,,0.00,0.00,,,,0,0,0,0.0,0.0,,0.0,0.0,Matches
Ferdi Kadioglu,tr TUR,"DF,MF",Brighton,24,1999,4.3,1,4,1,25.0,0.94,0.23,0.25,1.00,15.1,0,0,0,0.4,0.4,0.11,+0.6,+0.6,Matches
Daichi Kamada,jp JPN,MF,Crystal Palace,27,1996,17.4,0,20,4,20.0,1.15,0.23,0.00,0.00,20.3,0,0,0,1.1,1.1,0.05,-1.1,-1.1,Matches
Player,Nation,Pos,Squad,Age,Born,90s,Gls,Sh,SoT,SoT%,Sh/90,SoT/90,G/Sh,G/SoT,Dist,FK,PK,PKatt,xG,npxG,npxG/Sh,G-xG,np:G-xG,Matches
Boubacar Kamara,fr FRA,MF,Aston Villa,24,1999,19.2,1,10,3,30.0,0.52,0.16,0.10,0.33,19.6,0,0,0,0.8,0.8,0.08,+0.2,+0.2,Matches
Joachim Kayi Sanda,fr FRA,DF,Southampton,17,2006,0.2,0,0,0,,0.00,0.00,,,,0,0,0,0.0,0.0,,0.0,0.0,Matches
Michael Kayode,it ITA,DF,Brentford,20,2004,5.9,0,2,0,0.0,0.34,0.00,0.00,,16.8,0,0,0,0.2,0.2,0.10,-0.2,-0.2,Matches
Michael Keane,eng ENG,DF,Everton,31,1993,11.7,3,10,4,40.0,0.86,0.34,0.30,0.75,13.2,0,0,0,0.6,0.6,0.06,+2.4,+2.4,Matches
Caoimhín Kelleher,ie IRL,GK,Liverpool,25,1998,10.0,0,0,0,,0.00,0.00,,,,0,0,0,0.0,0.0,,0.0,0.0,Matches
Lloyd Kelly,eng ENG,DF,Newcastle Utd,25,1998,3.4,0,3,0,0.0,0.89,0.00,0.00,,7.3,0,0,0,0.4,0.4,0.14,-0.4,-0.4,Matches
Milos Kerkez,hu HUN,DF,Bournemouth,20,2003,37.1,2,19,5,26.3,0.51,0.13,0.11,0.40,20.2,0,0,0,0.6,0.5,0.03,+1.4,+1.5,Matches
Bilal El Khannouss,ma MAR,"MF,FW",Leicester City,20,2004,24.2,2,30,7,23.3,1.24,0.29,0.07,0.29,22.0,0,0,0,1.3,1.3,0.04,+0.7,+0.7,Matches
Abdukodir Khusanov,uz UZB,DF,Manchester City,20,2004,5.6,0,1,0,0.0,0.18,0.00,0.00,,23.9,0,0,0,0.0,0.0,0.02,0.0,0.0,Matches
Max Kilman,eng ENG,DF,West Ham,27,1997,37.2,0,13,2,15.4,0.35,0.05,0.00,0.00,8.9,0,0,0,1.6,1.6,0.13,-1.6,-1.6,Matches
Joshua King,eng ENG,MF,Fulham,17,2007,1.4,0,3,0,0.0,2.08,0.00,0.00,,9.0,0,0,0,0.3,0.3,0.11,-0.3,-0.3,Matches
Tom King,wls WAL,GK,Wolves,29,1995,0.0,0,0,0,,0.00,0.00,,,,0,0,0,0.0,0.0,,0.0,0.0,Matches
Antonín Kinský,cz CZE,GK,Tottenham,21,2003,6.0,0,0,0,,0.00,0.00,,,,0,0,0,0.0,0.0,,0.0,0.0,Matches
Jakub Kiwior,pl POL,DF,Arsenal,24,2000,12.5,1,3,1,33.3,0.24,0.08,0.33,1.00,18.5,0,0,0,0.2,0.2,0.06,+0.8,+0.8,Matches
Justin Kluivert,nl NED,MF,Bournemouth,25,1999,26.0,12,57,23,40.4,2.19,0.88,0.11,0.26,20.0,0,6,6,10.3,5.6,0.10,+1.7,+0.4,Matches
Ibrahima Konaté,fr FRA,DF,Liverpool,25,1999,28.4,1,19,3,15.8,0.67,0.11,0.05,0.33,10.5,0,0,0,1.7,1.7,0.09,-0.7,-0.7,Matches
Ezri Konsa,eng ENG,DF,Aston Villa,26,1997,32.6,2,11,5,45.5,0.34,0.15,0.18,0.40,8.8,0,0,0,1.3,1.3,0.12,+0.7,+0.7,Matches
Mateo Kovačić,hr CRO,MF,Manchester City,30,1994,24.4,6,45,12,26.7,1.84,0.49,0.13,0.50,22.9,0,0,0,1.9,1.9,0.04,+4.1,+4.1,Matches
Caleb Kporha,eng ENG,DF,Crystal Palace,18,2006,0.1,0,0,0,,0.00,0.00,,,,0,0,0,0.0,0.0,,0.0,0.0,Matches
Emil Krafth,se SWE,DF,Newcastle Utd,29,1994,3.8,0,1,0,0.0,0.26,0.00,0.00,,14.6,0,0,0,0.0,0.0,0.03,0.0,0.0,Matches
Mohammed Kudus,gh GHA,"FW,MF",West Ham,23,2000,28.8,5,75,21,28.0,2.61,0.73,0.07,0.24,16.0,0,0,0,6.9,6.9,0.09,-1.9,-1.9,Matches
Dejan Kulusevski,se SWE,"MF,FW",Tottenham,24,2000,26.5,7,47,17,36.2,1.77,0.64,0.15,0.41,14.7,0,0,0,4.2,4.2,0.09,+2.8,+2.8,Matches
Maxence Lacroix,fr FRA,DF,Crystal Palace,24,2000,34.6,1,30,5,16.7,0.87,0.14,0.03,0.20,10.8,0,0,0,3.4,3.4,0.11,-2.4,-2.4,Matches
Adam Lallana,eng ENG,MF,Southampton,36,1988,4.0,0,3,0,0.0,0.75,0.00,0.00,,18.1,0,0,0,0.2,0.2,0.06,-0.2,-0.2,Matches
Tariq Lamptey,gh GHA,DF,Brighton,23,2000,9.6,2,6,2,33.3,0.63,0.21,0.33,1.00,18.5,0,0,0,0.4,0.4,0.06,+1.6,+1.6,Matches
Player,Nation,Pos,Squad,Age,Born,90s,Gls,Sh,SoT,SoT%,Sh/90,SoT/90,G/Sh,G/SoT,Dist,FK,PK,PKatt,xG,npxG,npxG/Sh,G-xG,np:G-xG,Matches
Will Lankshear,eng ENG,"FW,MF",Tottenham,19,2005,0.1,0,0,0,,0.00,0.00,,,,0,0,0,0.0,0.0,,0.0,0.0,Matches
Roméo Lavia,be BEL,MF,Chelsea,20,2004,8.9,0,2,0,0.0,0.23,0.00,0.00,,18.8,0,0,0,0.3,0.3,0.13,-0.3,-0.3,Matches
Mario Lemina,ga GAB,"MF,DF",Wolves,30,1993,15.2,1,18,5,27.8,1.19,0.33,0.06,0.20,21.9,0,0,0,1.4,1.4,0.08,-0.4,-0.4,Matches
Bernd Leno,de GER,GK,Fulham,32,1992,38.0,0,0,0,,0.00,0.00,,,,0,0,0,0.0,0.0,,0.0,0.0,Matches
Jefferson Lerma,co COL,"MF,DF",Crystal Palace,29,1994,25.3,0,26,8,30.8,1.03,0.32,0.00,0.00,19.8,0,0,0,1.1,1.1,0.04,-1.1,-1.1,Matches
Rico Lewis,eng ENG,"DF,MF",Manchester City,19,2004,21.0,1,10,2,20.0,0.48,0.10,0.10,0.50,15.8,0,0,0,1.4,1.4,0.14,-0.4,-0.4,Matches
Keane Lewis-Potter,eng ENG,"DF,FW",Brentford,23,2001,34.4,1,28,14,50.0,0.81,0.41,0.04,0.07,20.2,1,0,0,3.1,3.1,0.11,-2.1,-2.1,Matches
Myles Lewis-Skelly,eng ENG,DF,Arsenal,17,2006,15.2,1,3,1,33.3,0.20,0.07,0.33,1.00,14.7,0,0,0,0.2,0.2,0.05,+0.8,+0.8,Matches
Matthijs de Ligt,nl NED,DF,Manchester Utd,24,1999,23.6,2,18,9,50.0,0.76,0.38,0.11,0.22,7.9,0,0,0,2.5,2.5,0.14,-0.5,-0.5,Matches
Pedro Lima,br BRA,DF,Wolves,18,2006,0.8,0,1,1,100.0,1.29,1.29,0.00,0.00,22.5,0,0,0,0.1,0.1,0.06,-0.1,-0.1,Matches
Victor Lindelöf,se SWE,DF,Manchester Utd,30,1994,7.8,0,0,0,,0.00,0.00,,,,0,0,0,0.0,0.0,,0.0,0.0,Matches
Jesper Lindstrøm,dk DEN,FW,Everton,24,2000,13.8,0,28,10,35.7,2.03,0.73,0.00,0.00,21.0,6,0,0,2.1,2.1,0.08,-2.1,-2.1,Matches
Valentino Livramento,eng ENG,DF,Newcastle Utd,21,2002,31.6,0,6,2,33.3,0.19,0.06,0.00,0.00,19.7,0,0,0,0.3,0.3,0.05,-0.3,-0.3,Matches
Sean Longstaff,eng ENG,MF,Newcastle Utd,26,1997,8.9,0,6,1,16.7,0.68,0.11,0.00,0.00,13.5,0,0,0,0.6,0.6,0.10,-0.6,-0.6,Matches
Saša Lukić,rs SRB,MF,Fulham,27,1996,26.0,0,18,2,11.1,0.69,0.08,0.00,0.00,20.2,0,0,0,1.2,1.2,0.06,-1.2,-1.2,Matches
Joe Lumley,eng ENG,GK,Southampton,29,1995,3.0,0,0,0,,0.00,0.00,,,,0,0,0,0.0,0.0,,0.0,0.0,Matches
Massimo Luongo,au AUS,MF,Ipswich Town,31,1992,2.2,0,0,0,,0.00,0.00,,,,0,0,0,0.0,0.0,,0.0,0.0,Matches
Ian Maatsen,nl NED,DF,Aston Villa,22,2002,12.7,1,19,5,26.3,1.50,0.40,0.05,0.20,22.1,0,0,0,0.9,0.9,0.05,+0.1,+0.1,Matches
Alexis Mac Allister,ar ARG,MF,Liverpool,25,1998,28.9,5,38,13,34.2,1.32,0.45,0.13,0.38,18.1,1,0,0,2.8,2.8,0.07,+2.2,+2.2,Matches
James Maddison,eng ENG,MF,Tottenham,27,1996,20.1,9,39,17,43.6,1.94,0.85,0.23,0.53,16.7,6,0,0,5.8,5.8,0.15,+3.2,+3.2,Matches
Noni Madueke,eng ENG,FW,Chelsea,22,2002,22.6,7,80,30,37.5,3.54,1.33,0.09,0.23,14.4,0,0,0,9.6,9.6,0.12,-2.6,-2.6,Matches
Gabriel Magalhães,br BRA,DF,Arsenal,26,1997,26.3,3,22,5,22.7,0.84,0.19,0.14,0.60,9.5,0,0,0,2.6,2.6,0.12,+0.4,+0.4,Matches
Edmond-Paris Maghoma,eng ENG,"MF,FW",Brentford,23,2001,1.3,0,1,0,0.0,0.76,0.00,0.00,,23.8,0,0,0,0.1,0.1,0.12,-0.1,-0.1,Matches
Harry Maguire,eng ENG,DF,Manchester Utd,31,1993,19.5,1,15,6,40.0,0.77,0.31,0.07,0.17,8.2,0,0,0,1.8,1.8,0.12,-0.8,-0.8,Matches
Kobbie Mainoo,eng ENG,MF,Manchester Utd,19,2005,18.3,0,15,2,13.3,0.82,0.11,0.00,0.00,20.5,0,0,0,0.7,0.7,0.05,-0.7,-0.7,Matches
Player,Nation,Pos,Squad,Age,Born,90s,Gls,Sh,SoT,SoT%,Sh/90,SoT/90,G/Sh,G/SoT,Dist,FK,PK,PKatt,xG,npxG,npxG/Sh,G-xG,np:G-xG,Matches
Tyrell Malacia,nl NED,DF,Manchester Utd,24,1999,1.1,0,0,0,,0.00,0.00,,,,0,0,0,0.0,0.0,,0.0,0.0,Matches
Donyell Malen,nl NED,FW,Aston Villa,25,1999,3.4,3,15,9,60.0,4.43,2.66,0.20,0.33,15.2,0,0,0,2.2,2.2,0.14,+0.8,+0.8,Matches
Mateus Mane,,MF,Wolves,,,0.0,0,0,0,,0.00,0.00,,,,0,0,0,0.0,0.0,,0.0,0.0,Matches
Orel Mangala,be BEL,MF,Everton,26,1998,14.0,1,16,6,37.5,1.14,0.43,0.06,0.17,22.1,0,0,0,1.1,1.1,0.07,-0.1,-0.1,Matches
Ryan Manning,ie IRL,"DF,MF",Southampton,28,1996,16.2,0,8,1,12.5,0.49,0.06,0.00,0.00,22.0,1,0,0,0.3,0.3,0.04,-0.3,-0.3,Matches
Solly March,eng ENG,"FW,MF",Brighton,30,1994,1.9,0,2,0,0.0,1.07,0.00,0.00,,22.5,0,0,0,0.1,0.1,0.04,-0.1,-0.1,Matches
Omar Marmoush,eg EGY,"FW,MF",Manchester City,25,1999,13.1,7,49,17,34.7,3.75,1.30,0.14,0.41,18.6,7,0,0,5.5,5.5,0.11,+1.5,+1.5,Matches
Gabriel Martinelli,br BRA,"FW,MF",Arsenal,23,2001,25.4,8,55,24,43.6,2.16,0.94,0.15,0.33,12.9,0,0,0,7.4,7.4,0.14,+0.6,+0.6,Matches
Emiliano Martínez,ar ARG,GK,Aston Villa,31,1992,35.5,0,0,0,,0.00,0.00,,,,0,0,0,0.0,0.0,,0.0,0.0,Matches
Lisandro Martínez,ar ARG,DF,Manchester Utd,26,1998,19.5,2,17,6,35.3,0.87,0.31,0.12,0.33,15.9,0,0,0,1.3,1.3,0.08,+0.7,+0.7,Matches
Pape Matar Sarr,sn SEN,MF,Tottenham,21,2002,21.3,3,34,13,38.2,1.60,0.61,0.09,0.23,20.9,0,0,0,3.7,3.7,0.11,-0.7,-0.7,Matches
Jean-Philippe Mateta,fr FRA,FW,Crystal Palace,27,1997,29.4,14,68,29,42.6,2.31,0.99,0.18,0.41,15.6,0,2,2,13.5,11.9,0.18,+0.5,+0.1,Matches
Stephy Mavididi,eng ENG,FW,Leicester City,26,1998,17.9,4,26,7,26.9,1.45,0.39,0.15,0.57,16.1,1,0,0,1.8,1.8,0.07,+2.2,+2.2,Matches
Konstantinos Mavropanos,gr GRE,DF,West Ham,26,1997,22.7,0,18,5,27.8,0.79,0.22,0.00,0.00,14.8,0,0,0,1.5,1.5,0.09,-1.5,-1.5,Matches
Noussair Mazraoui,ma MAR,DF,Manchester Utd,26,1997,31.5,0,13,3,23.1,0.41,0.10,0.00,0.00,20.6,0,0,0,0.7,0.7,0.05,-0.7,-0.7,Matches
Bryan Mbeumo,cm CMR,FW,Brentford,24,1999,37.9,20,79,34,43.0,2.08,0.90,0.19,0.44,17.9,6,5,6,12.3,7.5,0.10,+7.7,+7.5,Matches
James Mcatee,eng ENG,"MF,FW",Manchester City,21,2002,3.9,3,12,4,33.3,3.09,1.03,0.25,0.75,14.3,0,0,0,2.8,2.8,0.23,+0.2,+0.2,Matches
Kasey McAteer,ie IRL,FW,Leicester City,22,2001,9.5,1,13,7,53.8,1.37,0.74,0.08,0.14,16.4,0,0,0,1.0,1.0,0.08,0.0,0.0,Matches
Alex McCarthy,eng ENG,GK,Southampton,34,1989,5.0,0,0,0,,0.00,0.00,,,,0,0,0,0.0,0.0,,0.0,0.0,Matches
John McGinn,sct SCO,"MF,FW",Aston Villa,29,1994,24.7,1,31,5,16.1,1.26,0.20,0.03,0.20,17.0,1,0,0,3.1,2.8,0.09,-2.1,-1.8,Matches
Dwight McNeil,eng ENG,"MF,FW",Everton,24,1999,15.2,4,25,10,40.0,1.64,0.66,0.16,0.40,21.9,0,0,0,1.1,1.1,0.04,+2.9,+2.9,Matches
Scott McTominay,sct SCO,MF,Manchester Utd,27,1996,0.2,0,1,0,0.0,4.74,0.00,0.00,,10.7,0,0,0,0.1,0.1,0.07,-0.1,-0.1,Matches
Ben Mee,eng ENG,DF,Brentford,34,1989,2.0,0,0,0,,0.00,0.00,,,,0,0,0,0.0,0.0,,0.0,0.0,Matches
Jayden Meghoma,eng ENG,DF,Brentford,18,2006,0.1,0,0,0,,0.00,0.00,,,,0,0,0,0.0,0.0,,0.0,0.0,Matches
Mikel Merino,es ESP,"MF,FW",Arsenal,28,1996,17.6,7,38,13,34.2,2.16,0.74,0.18,0.54,10.7,0,0,0,5.9,5.9,0.16,+1.1,+1.1,Matches
Player,Nation,Pos,Squad,Age,Born,90s,Gls,Sh,SoT,SoT%,Sh/90,SoT/90,G/Sh,G/SoT,Dist,FK,PK,PKatt,xG,npxG,npxG/Sh,G-xG,np:G-xG,Matches
Shumaira Mheuka,eng ENG,MF,Chelsea,16,2007,0.0,0,1,1,100.0,90.00,90.00,0.00,0.00,7.2,0,0,0,0.1,0.1,0.06,-0.1,-0.1,Matches
Nikola Milenković,rs SRB,DF,Nott'ham Forest,26,1997,37.0,5,29,8,27.6,0.78,0.22,0.17,0.63,11.6,0,0,0,4.0,4.0,0.14,+1.0,+1.0,Matches
Lewis Miley,eng ENG,MF,Newcastle Utd,18,2006,3.5,1,3,2,66.7,0.86,0.58,0.33,0.50,14.6,0,0,0,0.5,0.5,0.18,+0.5,+0.5,Matches
James Milner,eng ENG,MF,Brighton,38,1986,1.9,0,2,0,0.0,1.06,0.00,0.00,,16.0,0,0,0,0.2,0.2,0.08,-0.2,-0.2,Matches
Tyrone Mings,eng ENG,DF,Aston Villa,31,1993,12.4,0,9,1,11.1,0.72,0.08,0.00,0.00,11.8,0,0,0,0.8,0.8,0.09,-0.8,-0.8,Matches
Yankuba Minteh,gm GAM,"FW,MF",Brighton,20,2004,20.4,6,34,16,47.1,1.66,0.78,0.18,0.38,13.8,0,0,0,4.1,4.1,0.12,+1.9,+1.9,Matches
Tyrick Mitchell,eng ENG,DF,Crystal Palace,24,1999,34.4,0,12,3,25.0,0.35,0.09,0.00,0.00,12.8,0,0,0,1.3,1.3,0.11,-1.3,-1.3,Matches
Kaoru Mitoma,jp JPN,"FW,MF",Brighton,27,1997,28.9,10,57,27,47.4,1.97,0.93,0.18,0.37,13.9,0,0,0,9.2,9.2,0.16,+0.8,+0.8,Matches
Jakub Moder,pl POL,MF,Brighton,25,1999,0.1,0,0,0,,0.00,0.00,,,,0,0,0,0.0,0.0,,0.0,0.0,Matches
Jeremy Monga,,"FW,MF",Leicester City,,,1.2,0,3,1,33.3,2.41,0.80,0.00,0.00,19.8,0,0,0,0.2,0.2,0.05,-0.2,-0.2,Matches
Mikey Moore,eng ENG,FW,Tottenham,16,2007,4.1,0,3,0,0.0,0.74,0.00,0.00,,19.5,0,0,0,0.2,0.2,0.07,-0.2,-0.2,Matches
Morato,br BRA,DF,Nott'ham Forest,23,2001,10.1,0,2,1,50.0,0.20,0.10,0.00,0.00,8.6,0,0,0,0.2,0.2,0.09,-0.2,-0.2,Matches
Álex Moreno,es ESP,"DF,MF",Nott'ham Forest,31,1993,10.6,0,6,0,0.0,0.57,0.00,0.00,,23.7,0,0,0,0.2,0.2,0.03,-0.2,-0.2,Matches
Sam Morsy,eg EGY,MF,Ipswich Town,32,1991,30.6,1,13,3,23.1,0.43,0.10,0.08,0.33,27.2,0,0,0,0.4,0.4,0.03,+0.6,+0.6,Matches
Yerson Mosquera,co COL,DF,Wolves,23,2001,4.9,0,2,0,0.0,0.41,0.00,0.00,,12.4,0,0,0,0.3,0.3,0.17,-0.3,-0.3,Matches
Mason Mount,eng ENG,MF,Manchester Utd,25,1999,6.9,1,20,9,45.0,2.89,1.30,0.05,0.11,15.0,0,0,0,3.2,3.2,0.17,-2.2,-2.2,Matches
Divin Mubama,eng ENG,FW,Manchester City,19,2004,0.3,0,1,0,0.0,3.21,0.00,0.00,,17.2,0,0,0,0.0,0.0,0.04,0.0,0.0,Matches
Mykhailo Mudryk,ua UKR,FW,Chelsea,23,2001,1.7,0,1,1,100.0,0.60,0.60,0.00,0.00,11.6,0,0,0,0.3,0.3,0.25,-0.3,-0.3,Matches
Marshall Munetsi,zw ZIM,"MF,FW",Wolves,28,1996,12.0,2,22,7,31.8,1.84,0.58,0.09,0.29,15.0,0,0,0,3.3,3.3,0.15,-1.3,-1.3,Matches
Rodrigo Muniz,br BRA,FW,Fulham,23,2001,10.7,8,39,19,48.7,3.64,1.77,0.21,0.42,12.0,0,0,0,5.8,5.8,0.15,+2.2,+2.2,Matches
Daniel Muñoz,co COL,DF,Crystal Palace,28,1996,35.9,4,37,14,37.8,1.03,0.39,0.11,0.29,12.7,0,0,0,4.9,4.9,0.13,-0.9,-0.9,Matches
Arijanet Muric,xk KVX,GK,Ipswich Town,25,1998,18.0,0,0,0,,0.00,0.00,,,,0,0,0,0.0,0.0,,0.0,0.0,Matches
Murillo,br BRA,DF,Nott'ham Forest,22,2002,35.4,2,25,6,24.0,0.71,0.17,0.08,0.33,21.9,3,0,0,1.4,1.4,0.06,+0.6,+0.6,Matches
Jacob Murphy,eng ENG,FW,Newcastle Utd,29,1995,26.2,8,43,15,34.9,1.64,0.57,0.19,0.53,18.2,0,0,0,5.7,5.7,0.13,+2.3,+2.3,Matches
Vitaliy Mykolenko,ua UKR,DF,Everton,25,1999,34.2,1,14,1,7.1,0.41,0.03,0.07,1.00,20.6,0,0,0,0.5,0.5,0.04,+0.5,+0.5,Matches
Player,Nation,Pos,Squad,Age,Born,90s,Gls,Sh,SoT,SoT%,Sh/90,SoT/90,G/Sh,G/SoT,Dist,FK,PK,PKatt,xG,npxG,npxG/Sh,G-xG,np:G-xG,Matches
Iliman Ndiaye,sn SEN,FW,Everton,24,2000,27.0,9,35,15,42.9,1.30,0.56,0.20,0.47,17.1,0,2,2,6.2,4.7,0.13,+2.8,+2.3,Matches
Wilfred Ndidi,ng NGA,MF,Leicester City,27,1996,25.8,0,22,8,36.4,0.85,0.31,0.00,0.00,13.9,0,0,0,2.0,2.0,0.09,-2.0,-2.0,Matches
Kosta Nedeljković,rs SRB,DF,Aston Villa,18,2005,1.4,0,0,0,,0.00,0.00,,,,0,0,0,0.0,0.0,,0.0,0.0,Matches
Reiss Nelson,eng ENG,FW,Arsenal,24,1999,0.0,0,0,0,,0.00,0.00,,,,0,0,0,0.0,0.0,,0.0,0.0,Matches
Reiss Nelson,eng ENG,FW,Fulham,24,1999,5.4,1,12,6,50.0,2.22,1.11,0.08,0.17,15.4,0,0,0,1.1,1.1,0.09,-0.1,-0.1,Matches
Neto,br BRA,GK,Bournemouth,35,1989,2.0,0,0,0,,0.00,0.00,,,,0,0,0,0.0,0.0,,0.0,0.0,Matches
Pedro Neto,pt POR,FW,Chelsea,24,2000,25.2,4,59,17,28.8,2.34,0.67,0.07,0.24,18.2,0,0,0,3.5,3.5,0.06,+0.5,+0.5,Matches
Eddie Nketiah,eng ENG,"FW,MF",Crystal Palace,25,1999,11.5,3,43,16,37.2,3.74,1.39,0.07,0.19,13.8,0,0,0,5.8,5.8,0.13,-2.8,-2.8,Matches
Christopher Nkunku,fr FRA,FW,Chelsea,26,1997,10.2,3,25,11,44.0,2.44,1.07,0.12,0.27,12.6,0,0,0,4.8,4.8,0.19,-1.8,-1.8,Matches
Gustavo Nunes,br BRA,"FW,MF",Brentford,18,2005,0.1,0,0,0,,0.00,0.00,,,,0,0,0,0.0,0.0,,0.0,0.0,Matches
Matheus Nunes,pt POR,"DF,MF",Manchester City,25,1998,18.6,1,9,4,44.4,0.48,0.22,0.11,0.25,19.0,0,0,0,1.2,1.2,0.14,-0.2,-0.2,Matches
Darwin Núñez,uy URU,FW,Liverpool,25,1999,12.6,5,34,13,38.2,2.70,1.03,0.15,0.38,14.3,0,0,0,5.8,5.8,0.17,-0.8,-0.8,Matches
Ethan Nwaneri,eng ENG,"FW,MF",Arsenal,17,2007,9.9,4,24,9,37.5,2.41,0.91,0.17,0.44,18.5,1,0,0,1.2,1.2,0.05,+2.8,+2.8,Matches
Christian Nørgaard,dk DEN,MF,Brentford,30,1994,31.3,5,39,15,38.5,1.25,0.48,0.13,0.33,14.3,0,0,0,4.3,4.3,0.11,+0.7,+0.7,Matches
Jake O'Brien,ie IRL,DF,Everton,23,2001,17.5,2,6,3,50.0,0.34,0.17,0.33,0.67,11.1,0,0,0,0.8,0.8,0.13,+1.2,+1.2,Matches
Matt O'Riley,dk DEN,MF,Brighton,23,2000,10.4,2,21,6,28.6,2.01,0.58,0.05,0.17,17.6,2,1,1,2.8,2.0,0.10,-0.8,-1.0,Matches
Dara O'Shea,ie IRL,DF,Ipswich Town,25,1999,34.7,0,22,2,9.1,0.63,0.06,0.00,0.00,13.6,0,0,0,1.3,1.3,0.06,-1.3,-1.3,Matches
Chidozie Obi-Martin,dk DEN,FW,Manchester Utd,16,2007,1.8,0,5,1,20.0,2.73,0.55,0.00,0.00,10.7,0,0,0,0.7,0.7,0.13,-0.7,-0.7,Matches
Wilson Odobert,fr FRA,"FW,MF",Tottenham,19,2004,9.4,1,13,4,30.8,1.38,0.42,0.08,0.25,16.4,0,0,0,1.6,1.6,0.12,-0.6,-0.6,Matches
Chiedozie Ogbene,ie IRL,FW,Ipswich Town,27,1997,2.6,0,0,0,,0.00,0.00,,,,0,0,0,0.0,0.0,,0.0,0.0,Matches
Caleb Okoli,it ITA,DF,Leicester City,23,2001,12.5,1,4,2,50.0,0.32,0.16,0.25,0.50,13.5,0,0,0,0.6,0.6,0.15,+0.4,+0.4,Matches
Robin Olsen,se SWE,GK,Aston Villa,34,1990,2.5,0,0,0,,0.00,0.00,,,,0,0,0,0.0,0.0,,0.0,0.0,Matches
Amadou Onana,be BEL,MF,Aston Villa,22,2001,18.0,3,17,6,35.3,0.95,0.33,0.18,0.50,14.7,0,0,0,2.1,2.1,0.12,+0.9,+0.9,Matches
André Onana,cm CMR,GK,Manchester Utd,28,1996,34.0,0,0,0,,0.00,0.00,,,,0,0,0,0.0,0.0,,0.0,0.0,Matches
Paul Onuachu,ng NGA,FW,Southampton,30,1994,11.7,4,34,15,44.1,2.91,1.29,0.12,0.27,10.4,0,0,0,3.6,3.6,0.11,+0.4,+0.4,Matches
Player,Nation,Pos,Squad,Age,Born,90s,Gls,Sh,SoT,SoT%,Sh/90,SoT/90,G/Sh,G/SoT,Dist,FK,PK,PKatt,xG,npxG,npxG/Sh,G-xG,np:G-xG,Matches
Frank Onyeka,ng NGA,MF,Brentford,26,1998,0.3,0,0,0,,0.00,0.00,,,,0,0,0,0.0,0.0,,0.0,0.0,Matches
Lewis Orford,eng ENG,MF,West Ham,18,2006,0.5,0,1,0,0.0,1.84,0.00,0.00,,12.7,0,0,0,0.0,0.0,0.03,0.0,0.0,Matches
Stefan Ortega,de GER,GK,Manchester City,31,1992,12.2,0,0,0,,0.00,0.00,,,,0,0,0,0.0,0.0,,0.0,0.0,Matches
William Osula,dk DEN,FW,Newcastle Utd,20,2003,1.5,1,4,1,25.0,2.69,0.67,0.25,1.00,13.5,0,0,0,0.2,0.2,0.04,+0.8,+0.8,Matches
Dango Ouattara,bf BFA,FW,Bournemouth,22,2002,22.3,7,62,20,32.3,2.78,0.90,0.11,0.35,13.5,1,0,0,8.4,8.4,0.14,-1.4,-1.4,Matches
Nico O’Reilly,eng ENG,DF,Manchester City,19,2005,5.9,2,8,3,37.5,1.36,0.51,0.25,0.67,15.4,0,0,0,1.3,1.3,0.16,+0.7,+0.7,Matches
Alex Palmer,eng ENG,GK,Ipswich Town,27,1996,13.0,0,0,0,,0.00,0.00,,,,0,0,0,0.0,0.0,,0.0,0.0,Matches
Cole Palmer,eng ENG,"MF,FW",Chelsea,22,2002,35.5,15,121,44,36.4,3.41,1.24,0.09,0.25,20.4,12,4,5,17.3,13.3,0.11,-2.3,-2.3,Matches
Emerson Palmieri,it ITA,DF,West Ham,29,1994,23.5,2,16,7,43.8,0.68,0.30,0.13,0.29,19.0,3,0,0,2.0,2.0,0.12,0.0,0.0,Matches
Lucas Paquetá,br BRA,"MF,FW",West Ham,26,1997,26.4,4,39,3,7.7,1.47,0.11,0.05,0.67,19.5,4,2,2,5.3,3.7,0.10,-1.3,-1.7,Matches
Thomas Partey,gh GHA,"MF,DF",Arsenal,31,1993,31.1,4,26,9,34.6,0.84,0.29,0.15,0.44,19.2,0,0,0,2.3,2.3,0.09,+1.7,+1.7,Matches
Nathan Patterson,sct SCO,DF,Everton,22,2001,3.9,0,1,0,0.0,0.26,0.00,0.00,,16.8,0,0,0,0.1,0.1,0.07,-0.1,-0.1,Matches
Andreas Pereira,br BRA,MF,Fulham,28,1996,22.4,2,38,8,21.1,1.70,0.36,0.05,0.25,21.8,6,0,1,3.8,3.0,0.08,-1.8,-1.0,Matches
Ricardo Pereira,pt POR,DF,Leicester City,30,1993,4.3,0,2,1,50.0,0.46,0.23,0.00,0.00,17.0,0,0,0,0.1,0.1,0.05,-0.1,-0.1,Matches
Kalvin Phillips,eng ENG,MF,Ipswich Town,28,1995,13.7,0,11,2,18.2,0.80,0.15,0.00,0.00,24.3,3,0,0,0.4,0.4,0.04,-0.4,-0.4,Matches
Jaden Philogene Bidace,eng ENG,"FW,MF",Aston Villa,22,2002,3.7,0,7,0,0.0,1.90,0.00,0.00,,16.0,0,0,0,0.5,0.5,0.07,-0.5,-0.5,Matches
Jaden Philogene Bidace,eng ENG,"FW,DF",Ipswich Town,22,2002,5.3,2,12,5,41.7,2.28,0.95,0.17,0.40,16.4,0,0,0,2.0,2.0,0.17,0.0,0.0,Matches
Jordan Pickford,eng ENG,GK,Everton,30,1994,38.0,0,0,0,,0.00,0.00,,,,0,0,0,0.0,0.0,,0.0,0.0,Matches
Ethan Pinnock,jm JAM,DF,Brentford,31,1993,21.3,2,10,6,60.0,0.47,0.28,0.20,0.33,11.1,0,0,0,1.1,1.1,0.11,+0.9,+0.9,Matches
Daniel Podence,pt POR,"MF,FW",Wolves,28,1995,0.5,0,1,0,0.0,1.87,0.00,0.00,,24.4,0,0,0,0.0,0.0,0.04,0.0,0.0,Matches
Alfie Pond,eng ENG,DF,Wolves,20,2004,0.0,0,0,0,,0.00,0.00,,,,0,0,0,0.0,0.0,,0.0,0.0,Matches
Nick Pope,eng ENG,GK,Newcastle Utd,32,1992,28.0,0,0,0,,0.00,0.00,,,,0,0,0,0.0,0.0,,0.0,0.0,Matches
Pedro Porro,es ESP,DF,Tottenham,24,1999,29.0,2,39,8,20.5,1.34,0.28,0.05,0.25,23.0,4,0,0,1.6,1.6,0.04,+0.4,+0.4,Matches
Jarell Quansah,eng ENG,DF,Liverpool,21,2003,5.5,0,1,0,0.0,0.18,0.00,0.00,,8.9,0,0,0,0.1,0.1,0.10,-0.1,-0.1,Matches
Hákon Rafn Valdimarsson,is ISL,GK,Brentford,22,2001,1.6,0,0,0,,0.00,0.00,,,,0,0,0,0.0,0.0,,0.0,0.0,Matches
Player,Nation,Pos,Squad,Age,Born,90s,Gls,Sh,SoT,SoT%,Sh/90,SoT/90,G/Sh,G/SoT,Dist,FK,PK,PKatt,xG,npxG,npxG/Sh,G-xG,np:G-xG,Matches
Aaron Ramsdale,eng ENG,GK,Southampton,26,1998,30.0,0,0,0,,0.00,0.00,,,,0,0,0,0.0,0.0,,0.0,0.0,Matches
Jacob Ramsey,eng ENG,"FW,MF",Aston Villa,23,2001,18.0,1,19,4,21.1,1.05,0.22,0.05,0.25,16.8,0,0,0,1.6,1.6,0.08,-0.6,-0.6,Matches
Marcus Rashford,eng ENG,"FW,MF",Manchester Utd,26,1997,10.9,4,16,9,56.3,1.47,0.83,0.25,0.44,16.4,0,0,0,1.7,1.7,0.11,+2.3,+2.3,Matches
Marcus Rashford,eng ENG,FW,Aston Villa,26,1997,4.9,2,18,5,27.8,3.65,1.01,0.06,0.20,19.4,2,1,1,3.1,2.3,0.13,-1.1,-1.3,Matches
David Raya,es ESP,GK,Arsenal,28,1995,38.0,0,0,0,,0.00,0.00,,,,0,0,0,0.0,0.0,,0.0,0.0,Matches
Harrison Reed,eng ENG,MF,Fulham,29,1995,1.2,0,3,2,66.7,2.50,1.67,0.00,0.00,21.7,0,0,0,0.2,0.2,0.08,-0.2,-0.2,Matches
Remy Rees-Dottin,eng ENG,FW,Bournemouth,18,2006,0.0,0,0,0,,0.00,0.00,,,,0,0,0,0.0,0.0,,0.0,0.0,Matches
Sergio Reguilón,es ESP,DF,Tottenham,27,1996,2.2,0,2,0,0.0,0.92,0.00,0.00,,13.3,1,0,0,0.1,0.1,0.06,-0.1,-0.1,Matches
Vitor Reis,br BRA,DF,Manchester City,18,2006,0.0,0,0,0,,0.00,0.00,,,,0,0,0,0.0,0.0,,0.0,0.0,Matches
Chadi Riad,ma MAR,DF,Crystal Palace,21,2003,1.0,0,0,0,,0.00,0.00,,,,0,0,0,0.0,0.0,,0.0,0.0,Matches
Declan Rice,eng ENG,MF,Arsenal,25,1999,31.4,4,48,14,29.2,1.53,0.45,0.08,0.29,19.6,2,0,0,3.5,3.5,0.07,+0.5,+0.5,Matches
Chris Richards,us USA,DF,Crystal Palace,24,2000,21.4,1,12,6,50.0,0.56,0.28,0.08,0.17,10.8,0,0,0,1.4,1.4,0.12,-0.4,-0.4,Matches
Richarlison,br BRA,FW,Tottenham,27,1997,5.6,4,17,7,41.2,3.04,1.25,0.24,0.57,9.1,0,0,0,3.7,3.7,0.22,+0.3,+0.3,Matches
Andrew Robertson,sct SCO,DF,Liverpool,30,1994,27.6,0,15,2,13.3,0.54,0.07,0.00,0.00,14.9,0,0,0,1.2,1.2,0.08,-1.2,-1.2,Matches
Antonee Robinson,us USA,DF,Fulham,26,1997,35.2,0,16,2,12.5,0.45,0.06,0.00,0.00,22.1,0,0,0,0.7,0.7,0.04,-0.7,-0.7,Matches
Jay Robinson,eng ENG,"MF,FW",Southampton,17,2007,1.5,0,1,1,100.0,0.66,0.66,0.00,0.00,13.2,0,0,0,0.0,0.0,0.05,0.0,0.0,Matches
Rodri,es ESP,MF,Manchester City,28,1996,0.8,0,0,0,,0.00,0.00,,,,0,0,0,0.0,0.0,,0.0,0.0,Matches
Guido Rodríguez,ar ARG,MF,West Ham,30,1994,12.8,0,8,1,12.5,0.63,0.08,0.00,0.00,27.8,0,0,0,0.2,0.2,0.03,-0.2,-0.2,Matches
Mads Roerslev,dk DEN,DF,Brentford,25,1999,12.2,0,5,2,40.0,0.41,0.16,0.00,0.00,20.8,0,0,0,0.2,0.2,0.04,-0.2,-0.2,Matches
Morgan Rogers,eng ENG,"FW,MF",Aston Villa,22,2002,34.6,8,55,20,36.4,1.59,0.58,0.15,0.40,15.9,0,0,0,6.6,6.6,0.12,+1.4,+1.4,Matches
Cristian Romero,ar ARG,DF,Tottenham,26,1998,15.7,1,16,8,50.0,1.02,0.51,0.06,0.13,9.1,0,0,0,1.6,1.6,0.10,-0.6,-0.6,Matches
Georginio Rutter,fr FRA,"MF,FW",Brighton,22,2002,18.4,5,50,12,24.0,2.72,0.65,0.10,0.42,15.5,0,0,0,4.6,4.6,0.09,+0.4,+0.4,Matches
José Sá,pt POR,GK,Wolves,31,1993,29.0,0,0,0,,0.00,0.00,,,,0,0,0,0.0,0.0,,0.0,0.0,Matches
Bukayo Saka,eng ENG,"FW,MF",Arsenal,22,2001,19.2,6,66,22,33.3,3.44,1.15,0.08,0.23,15.6,1,1,1,6.8,6.0,0.09,-0.8,-1.0,Matches
Mohamed Salah,eg EGY,FW,Liverpool,32,1992,37.5,29,121,50,41.3,3.23,1.33,0.17,0.40,14.5,1,9,9,25.2,18.2,0.15,+3.8,+1.8,Matches
Player,Nation,Pos,Squad,Age,Born,90s,Gls,Sh,SoT,SoT%,Sh/90,SoT/90,G/Sh,G/SoT,Dist,FK,PK,PKatt,xG,npxG,npxG/Sh,G-xG,np:G-xG,Matches
William Saliba,fr FRA,DF,Arsenal,23,2001,33.8,2,6,2,33.3,0.18,0.06,0.33,1.00,5.4,0,0,0,2.3,2.3,0.38,-0.3,-0.3,Matches
Robert Sánchez,es ESP,GK,Chelsea,26,1997,32.0,0,0,0,,0.00,0.00,,,,0,0,0,0.0,0.0,,0.0,0.0,Matches
Jadon Sancho,eng ENG,FW,Chelsea,24,2000,19.6,3,24,8,33.3,1.22,0.41,0.13,0.38,15.1,0,0,0,2.2,2.2,0.09,+0.8,+0.8,Matches
Ibrahim Sangaré,ci CIV,MF,Nott'ham Forest,26,1997,6.6,0,1,1,100.0,0.15,0.15,0.00,0.00,32.0,0,0,0,0.0,0.0,0.02,0.0,0.0,Matches
Pablo Sarabia,es ESP,"MF,FW",Wolves,32,1992,9.0,3,17,8,47.1,1.88,0.88,0.18,0.38,18.9,2,0,0,2.9,2.9,0.17,+0.1,+0.1,Matches
Jeremy Sarmiento,ec ECU,MF,Brighton,22,2002,0.1,0,0,0,,0.00,0.00,,,,0,0,0,0.0,0.0,,0.0,0.0,Matches
Ismaila Sarr,sn SEN,MF,Crystal Palace,26,1998,30.1,8,59,29,49.2,1.96,0.96,0.14,0.28,13.2,0,0,0,10.7,10.7,0.19,-2.7,-2.7,Matches
Sávio,br BRA,"FW,MF",Manchester City,20,2004,19.6,1,55,21,38.2,2.80,1.07,0.02,0.05,17.6,1,0,0,5.0,5.0,0.09,-4.0,-4.0,Matches
Oliver Scarles,eng ENG,"DF,FW",West Ham,18,2005,7.4,0,3,0,0.0,0.41,0.00,0.00,,20.2,0,0,0,0.1,0.1,0.04,-0.1,-0.1,Matches
Dane Scarlett,eng ENG,"FW,MF",Tottenham,20,2004,0.4,0,1,1,100.0,2.65,2.65,0.00,0.00,13.9,0,0,0,0.0,0.0,0.04,0.0,0.0,Matches
Kevin Schade,de GER,FW,Brentford,22,2001,25.5,11,55,27,49.1,2.16,1.06,0.20,0.41,11.5,0,0,0,8.2,8.2,0.15,+2.8,+2.8,Matches
Fabian Schär,ch SUI,DF,Newcastle Utd,32,1991,32.6,4,40,11,27.5,1.23,0.34,0.10,0.36,19.8,5,0,0,3.7,3.7,0.09,+0.3,+0.3,Matches
Jeffrey Schlupp,gh GHA,"MF,DF",Crystal Palace,31,1992,1.1,0,4,2,50.0,3.50,1.75,0.00,0.00,17.7,0,0,0,0.2,0.2,0.04,-0.2,-0.2,Matches
Alex Scott,eng ENG,MF,Bournemouth,20,2003,8.4,0,15,6,40.0,1.79,0.72,0.00,0.00,21.1,1,0,0,0.7,0.7,0.05,-0.7,-0.7,Matches
Matz Sels,be BEL,GK,Nott'ham Forest,32,1992,38.0,0,0,0,,0.00,0.00,,,,0,0,0,0.0,0.0,,0.0,0.0,Matches
Nélson Semedo,pt POR,DF,Wolves,30,1993,32.1,0,18,7,38.9,0.56,0.22,0.00,0.00,23.9,0,0,0,0.9,0.9,0.05,-0.9,-0.9,Matches
Antoine Semenyo,gh GHA,FW,Bournemouth,24,2000,35.6,11,125,40,32.0,3.51,1.12,0.09,0.28,17.0,0,0,0,10.0,10.0,0.08,+1.0,+1.0,Matches
Marcos Senesi,ar ARG,DF,Bournemouth,27,1997,12.3,0,3,0,0.0,0.24,0.00,0.00,,7.9,0,0,0,0.8,0.8,0.28,-0.8,-0.8,Matches
Ryan Sessegnon,eng ENG,"FW,DF",Fulham,24,2000,6.4,4,14,8,57.1,2.17,1.24,0.29,0.50,12.8,0,0,0,1.6,1.6,0.12,+2.4,+2.4,Matches
Luke Shaw,eng ENG,DF,Manchester Utd,29,1995,3.9,0,1,0,0.0,0.26,0.00,0.00,,23.1,0,0,0,0.0,0.0,0.03,0.0,0.0,Matches
Zain Silcott-Duberry,ms MSR,FW,Bournemouth,19,2005,0.0,0,0,0,,0.00,0.00,,,,0,0,0,0.0,0.0,,0.0,0.0,Matches
Bernardo Silva,pt POR,"MF,FW",Manchester City,29,1994,29.7,4,32,11,34.4,1.08,0.37,0.13,0.36,12.4,0,0,0,3.9,3.9,0.12,+0.1,+0.1,Matches
Jota Silva,pt POR,"FW,MF",Nott'ham Forest,24,1999,9.5,3,23,7,30.4,2.42,0.74,0.13,0.43,14.5,0,0,0,2.1,2.1,0.09,+0.9,+0.9,Matches
Eric da Silva Moreira,de GER,"MF,DF",Nott'ham Forest,18,2006,0.3,0,0,0,,0.00,0.00,,,,0,0,0,0.0,0.0,,0.0,0.0,Matches
Jahmai Simpson-Pusey,eng ENG,DF,Manchester City,18,2005,1.1,0,0,0,,0.00,0.00,,,,0,0,0,0.0,0.0,,0.0,0.0,Matches
Player,Nation,Pos,Squad,Age,Born,90s,Gls,Sh,SoT,SoT%,Sh/90,SoT/90,G/Sh,G/SoT,Dist,FK,PK,PKatt,xG,npxG,npxG/Sh,G-xG,np:G-xG,Matches
Luis Sinisterra,co COL,"FW,MF",Bournemouth,25,1999,2.6,1,13,6,46.2,4.96,2.29,0.08,0.17,14.8,0,0,0,1.2,1.2,0.09,-0.2,-0.2,Matches
Oliver Skipp,eng ENG,MF,Leicester City,23,2000,12.5,0,5,1,20.0,0.40,0.08,0.00,0.00,19.4,0,0,0,0.4,0.4,0.07,-0.4,-0.4,Matches
William Smallbone,ie IRL,MF,Southampton,24,2000,7.7,1,7,1,14.3,0.91,0.13,0.14,1.00,17.6,1,0,0,0.6,0.6,0.08,+0.4,+0.4,Matches
Adam Smith,eng ENG,DF,Bournemouth,33,1991,17.7,0,3,0,0.0,0.17,0.00,0.00,,16.9,0,0,0,0.7,0.7,0.22,-0.7,-0.7,Matches
Emile Smith Rowe,eng ENG,MF,Fulham,24,2000,22.7,6,37,11,29.7,1.63,0.48,0.16,0.55,16.0,0,0,0,4.5,4.5,0.12,+1.5,+1.5,Matches
Dominic Solanke,eng ENG,FW,Tottenham,26,1997,24.5,9,59,24,40.7,2.41,0.98,0.14,0.33,12.4,0,1,1,10.9,10.1,0.17,-1.9,-2.1,Matches
Carlos Soler,es ESP,"MF,FW",West Ham,27,1997,15.7,1,25,8,32.0,1.60,0.51,0.04,0.13,19.0,1,0,0,1.8,1.8,0.07,-0.8,-0.8,Matches
Julio Soler,ar ARG,"DF,FW",Bournemouth,19,2005,0.1,0,0,0,,0.00,0.00,,,,0,0,0,0.0,0.0,,0.0,0.0,Matches
Ramón Sosa,py PAR,"FW,MF",Nott'ham Forest,24,1999,3.3,1,11,5,45.5,3.36,1.53,0.09,0.20,18.6,0,0,0,1.0,1.0,0.09,0.0,0.0,Matches
Tomáš Souček,cz CZE,MF,West Ham,29,1995,28.5,9,55,17,30.9,1.93,0.60,0.16,0.53,11.9,0,0,0,6.7,6.7,0.13,+2.3,+2.3,Matches
Boubakary Soumaré,fr FRA,MF,Leicester City,25,1999,24.1,0,7,0,0.0,0.29,0.00,0.00,,23.4,0,0,0,0.3,0.3,0.04,-0.3,-0.3,Matches
Djed Spence,eng ENG,DF,Tottenham,23,2000,19.9,1,10,3,30.0,0.50,0.15,0.10,0.33,23.9,0,0,0,0.6,0.6,0.06,+0.4,+0.4,Matches
Jay Stansfield,eng ENG,MF,Fulham,21,2002,0.0,0,0,0,,0.00,0.00,,,,0,0,0,0.0,0.0,,0.0,0.0,Matches
Jason Steele,eng ENG,GK,Brighton,33,1990,2.0,0,0,0,,0.00,0.00,,,,0,0,0,0.0,0.0,,0.0,0.0,Matches
Jack Stephens,eng ENG,DF,Southampton,30,1994,15.4,1,4,2,50.0,0.26,0.13,0.25,0.50,11.0,0,0,0,0.6,0.6,0.14,+0.4,+0.4,Matches
Raheem Sterling,eng ENG,"FW,MF",Arsenal,29,1994,5.5,0,11,0,0.0,1.98,0.00,0.00,,15.1,2,0,0,1.4,1.4,0.13,-1.4,-1.4,Matches
Ross Stewart,sct SCO,FW,Southampton,28,1996,4.3,1,9,2,22.2,2.08,0.46,0.11,0.50,10.8,0,0,0,1.1,1.1,0.12,-0.1,-0.1,Matches
Jakub Stolarczyk,pl POL,GK,Leicester City,23,2000,10.0,0,0,0,,0.00,0.00,,,,0,0,0,0.0,0.0,,0.0,0.0,Matches
John Stones,eng ENG,"DF,MF",Manchester City,30,1994,6.1,2,2,2,100.0,0.33,0.33,1.00,1.00,5.1,0,0,0,0.4,0.4,0.22,+1.6,+1.6,Matches
Jørgen Strand Larsen,no NOR,FW,Wolves,24,2000,28.7,14,54,33,61.1,1.88,1.15,0.26,0.42,11.3,0,0,0,10.3,10.3,0.19,+3.7,+3.7,Matches
Yukinari Sugawara,jp JPN,"DF,MF",Southampton,24,2000,17.3,1,14,5,35.7,0.81,0.29,0.07,0.20,20.2,1,0,0,0.5,0.5,0.03,+0.5,+0.5,Matches
Kamaldeen Sulemana,gh GHA,"FW,MF",Southampton,22,2002,15.6,1,29,8,27.6,1.86,0.51,0.03,0.13,18.6,0,0,0,1.5,1.5,0.05,-0.5,-0.5,Matches
Crysencio Summerville,nl NED,"FW,MF",West Ham,22,2001,8.7,1,14,4,28.6,1.60,0.46,0.07,0.25,13.4,0,0,0,1.6,1.6,0.12,-0.6,-0.6,Matches
Sammie Szmodics,ie IRL,"FW,MF",Ipswich Town,28,1995,11.0,4,21,12,57.1,1.91,1.09,0.19,0.33,14.0,0,0,0,3.4,3.4,0.16,+0.6,+0.6,Matches
Dominik Szoboszlai,hu HUN,MF,Liverpool,23,2000,27.7,6,67,22,32.8,2.42,0.79,0.09,0.27,18.9,4,0,0,7.3,7.3,0.11,-1.3,-1.3,Matches
Player,Nation,Pos,Squad,Age,Born,90s,Gls,Sh,SoT,SoT%,Sh/90,SoT/90,G/Sh,G/SoT,Dist,FK,PK,PKatt,xG,npxG,npxG/Sh,G-xG,np:G-xG,Matches
Matt Targett,eng ENG,DF,Newcastle Utd,28,1995,0.2,0,0,0,,0.00,0.00,,,,0,0,0,0.0,0.0,,0.0,0.0,Matches
James Tarkowski,eng ENG,DF,Everton,31,1992,32.5,1,15,4,26.7,0.46,0.12,0.07,0.25,8.4,0,0,0,1.3,1.3,0.09,-0.3,-0.3,Matches
Marcus Tavernier,eng ENG,"FW,MF",Bournemouth,25,1999,21.5,3,57,17,29.8,2.65,0.79,0.05,0.18,21.1,4,0,0,5.5,5.5,0.10,-2.5,-2.5,Matches
Charlie Taylor,eng ENG,DF,Southampton,30,1993,4.0,0,0,0,,0.00,0.00,,,,0,0,0,0.0,0.0,,0.0,0.0,Matches
Jack Taylor,ie IRL,MF,Ipswich Town,26,1998,9.6,1,19,4,21.1,1.99,0.42,0.05,0.25,23.9,0,0,0,0.7,0.7,0.04,+0.3,+0.3,Matches
Mathys Tel,fr FRA,FW,Tottenham,19,2005,10.1,2,22,8,36.4,2.17,0.79,0.05,0.13,16.0,1,1,1,3.0,2.2,0.10,-1.0,-1.2,Matches
Kenny Tete,nl NED,DF,Fulham,28,1995,19.7,0,24,2,8.3,1.22,0.10,0.00,0.00,15.5,0,0,0,1.4,1.4,0.06,-1.4,-1.4,Matches
Thiago,br BRA,"FW,MF",Brentford,23,2001,1.9,0,2,0,0.0,1.03,0.00,0.00,,14.8,0,0,0,0.1,0.1,0.06,-0.1,-0.1,Matches
Luke Thomas,eng ENG,DF,Leicester City,23,2001,12.3,0,5,0,0.0,0.41,0.00,0.00,,16.8,0,0,0,0.4,0.4,0.07,-0.4,-0.4,Matches
Youri Tielemans,be BEL,MF,Aston Villa,27,1997,33.6,3,40,12,30.0,1.19,0.36,0.08,0.25,20.1,0,0,1,3.3,2.5,0.06,-0.3,+0.5,Matches
Kieran Tierney,sct SCO,"DF,FW",Arsenal,27,1997,2.9,1,2,1,50.0,0.69,0.35,0.50,1.00,4.1,0,0,0,0.4,0.4,0.18,+0.6,+0.6,Matches
Jurriën Timber,nl NED,DF,Arsenal,23,2001,26.9,1,14,4,28.6,0.52,0.15,0.07,0.25,14.1,0,0,0,1.2,1.2,0.09,-0.2,-0.2,Matches
Jean-Clair Todibo,fr FRA,DF,West Ham,24,1999,20.3,0,5,0,0.0,0.25,0.00,0.00,,12.8,0,0,0,0.4,0.4,0.07,-0.4,-0.4,Matches
Harry Toffolo,eng ENG,DF,Nott'ham Forest,28,1995,1.5,0,1,0,0.0,0.66,0.00,0.00,,28.5,0,0,0,0.0,0.0,0.02,0.0,0.0,Matches
Takehiro Tomiyasu,jp JPN,DF,Arsenal,25,1998,0.1,0,1,0,0.0,12.86,0.00,0.00,,1.2,0,0,0,0.2,0.2,0.18,-0.2,-0.2,Matches
Sandro Tonali,it ITA,MF,Newcastle Utd,24,2000,29.2,4,35,12,34.3,1.20,0.41,0.11,0.33,19.6,3,0,0,4.4,4.4,0.13,-0.4,-0.4,Matches
Pau Torres,es ESP,DF,Aston Villa,27,1997,22.4,0,8,2,25.0,0.36,0.09,0.00,0.00,11.7,0,0,0,0.5,0.5,0.06,-0.5,-0.5,Matches
Conor Townsend,eng ENG,DF,Ipswich Town,31,1993,3.7,0,1,0,0.0,0.27,0.00,0.00,,16.7,0,0,0,0.0,0.0,0.03,0.0,0.0,Matches
Adama Traoré,es ESP,"FW,MF",Fulham,28,1996,19.7,2,39,12,30.8,1.98,0.61,0.05,0.17,14.2,0,0,0,4.0,4.0,0.10,-2.0,-2.0,Matches
Boubacar Traoré,ml MLI,MF,Wolves,22,2001,0.0,0,0,0,,0.00,0.00,,,,0,0,0,0.0,0.0,,0.0,0.0,Matches
Mark Travers,ie IRL,GK,Bournemouth,25,1999,5.0,0,0,0,,0.00,0.00,,,,0,0,0,0.0,0.0,,0.0,0.0,Matches
Ryan Trevitt,eng ENG,MF,Brentford,21,2003,0.0,0,0,0,,0.00,0.00,,,,0,0,0,0.0,0.0,,0.0,0.0,Matches
Kieran Trippier,eng ENG,DF,Newcastle Utd,33,1990,14.5,0,4,0,0.0,0.28,0.00,0.00,,23.6,2,0,0,0.1,0.1,0.03,-0.1,-0.1,Matches
Leandro Trossard,be BEL,FW,Arsenal,29,1994,28.3,8,72,21,29.2,2.55,0.74,0.11,0.38,15.9,0,0,0,7.2,7.2,0.10,+0.8,+0.8,Matches
Kostas Tsimikas,gr GRE,DF,Liverpool,28,1996,9.3,0,4,2,50.0,0.43,0.22,0.00,0.00,16.1,0,0,0,0.4,0.4,0.10,-0.4,-0.4,Matches
Player,Nation,Pos,Squad,Age,Born,90s,Gls,Sh,SoT,SoT%,Sh/90,SoT/90,G/Sh,G/SoT,Dist,FK,PK,PKatt,xG,npxG,npxG/Sh,G-xG,np:G-xG,Matches
Axel Tuanzebe,cd COD,DF,Ipswich Town,26,1997,19.0,0,4,0,0.0,0.21,0.00,0.00,,15.7,0,0,0,0.2,0.2,0.05,-0.2,-0.2,Matches
Destiny Udogie,it ITA,DF,Tottenham,21,2002,21.4,0,5,1,20.0,0.23,0.05,0.00,0.00,15.1,0,0,0,0.3,0.3,0.06,-0.3,-0.3,Matches
Manuel Ugarte Ribeiro,uy URU,MF,Manchester Utd,23,2001,19.8,1,19,4,21.1,0.96,0.20,0.05,0.25,21.7,0,0,0,1.0,1.0,0.05,0.0,0.0,Matches
Lesley Ugochukwu,fr FRA,MF,Southampton,20,2004,18.4,1,10,1,10.0,0.54,0.05,0.10,1.00,17.0,0,0,0,0.9,0.9,0.09,+0.1,+0.1,Matches
Enes Ünal,tr TUR,"FW,MF",Bournemouth,27,1997,3.8,2,20,7,35.0,5.22,1.83,0.10,0.29,14.6,3,0,0,2.7,2.7,0.14,-0.7,-0.7,Matches
Virgil van Dijk,nl NED,DF,Liverpool,33,1991,37.0,3,27,8,29.6,0.73,0.22,0.11,0.38,13.1,1,0,0,2.2,2.2,0.08,+0.8,+0.8,Matches
Jamie Vardy,eng ENG,FW,Leicester City,37,1987,31.4,9,56,23,41.1,1.79,0.73,0.14,0.35,12.1,1,1,2,11.2,9.6,0.17,-2.2,-1.6,Matches
Renato Veiga,pt POR,"DF,MF",Chelsea,21,2003,2.0,0,3,1,33.3,1.49,0.50,0.00,0.00,17.1,0,0,0,0.1,0.1,0.05,-0.1,-0.1,Matches
Joël Veltman,nl NED,DF,Brighton,32,1992,18.9,0,6,1,16.7,0.32,0.05,0.00,0.00,19.7,0,0,0,0.5,0.5,0.08,-0.5,-0.5,Matches
Micky van de Ven,nl NED,DF,Tottenham,23,2001,11.3,0,6,2,33.3,0.53,0.18,0.00,0.00,11.1,0,0,0,0.6,0.6,0.09,-0.6,-0.6,Matches
Bart Verbruggen,nl NED,GK,Brighton,21,2002,36.0,0,0,0,,0.00,0.00,,,,0,0,0,0.0,0.0,,0.0,0.0,Matches
Jannik Vestergaard,dk DEN,DF,Leicester City,31,1992,15.5,0,3,2,66.7,0.19,0.13,0.00,0.00,9.7,0,0,0,0.1,0.1,0.03,-0.1,-0.1,Matches
Guglielmo Vicario,it ITA,GK,Tottenham,27,1996,24.0,0,0,0,,0.00,0.00,,,,0,0,0,0.0,0.0,,0.0,0.0,Matches
Carlos Vinícius,br BRA,"MF,FW",Fulham,29,1995,0.2,0,1,1,100.0,5.63,5.63,0.00,0.00,17.4,0,0,0,0.0,0.0,0.04,0.0,0.0,Matches
Kyle Walker,eng ENG,DF,Manchester City,34,1990,10.8,0,5,2,40.0,0.46,0.19,0.00,0.00,27.7,0,0,0,0.1,0.1,0.03,-0.1,-0.1,Matches
Kyle Walker-Peters,eng ENG,DF,Southampton,27,1997,32.4,0,20,6,30.0,0.62,0.19,0.00,0.00,18.3,0,0,0,0.8,0.8,0.04,-0.8,-0.8,Matches
Christian Walton,eng ENG,GK,Ipswich Town,28,1995,7.0,0,0,0,,0.00,0.00,,,,0,0,0,0.0,0.0,,0.0,0.0,Matches
Aaron Wan-Bissaka,eng ENG,DF,West Ham,26,1997,35.0,2,16,5,31.3,0.46,0.14,0.13,0.40,15.1,0,0,0,1.2,1.2,0.07,+0.8,+0.8,Matches
Danny Ward,wls WAL,GK,Leicester City,31,1993,1.5,0,0,0,,0.00,0.00,,,,0,0,0,0.0,0.0,,0.0,0.0,Matches
Joel Ward,eng ENG,DF,Crystal Palace,34,1989,0.8,0,0,0,,0.00,0.00,,,,0,0,0,0.0,0.0,,0.0,0.0,Matches
James Ward-Prowse,eng ENG,MF,West Ham,29,1994,11.5,1,13,5,38.5,1.13,0.43,0.08,0.20,19.9,3,0,0,1.6,1.6,0.13,-0.6,-0.6,Matches
James Ward-Prowse,eng ENG,MF,Nott'ham Forest,29,1994,4.4,0,2,1,50.0,0.45,0.23,0.00,0.00,29.0,1,0,0,0.1,0.1,0.03,-0.1,-0.1,Matches
Ollie Watkins,eng ENG,FW,Aston Villa,28,1995,28.9,16,82,36,43.9,2.84,1.25,0.17,0.39,12.1,0,2,2,15.3,13.8,0.17,+0.7,+0.2,Matches
Adam Webster,eng ENG,DF,Brighton,29,1995,9.9,0,5,1,20.0,0.51,0.10,0.00,0.00,10.8,0,0,0,0.2,0.2,0.05,-0.2,-0.2,Matches
Danny Welbeck,eng ENG,FW,Brighton,33,1990,23.5,10,59,23,39.0,2.51,0.98,0.15,0.39,15.3,9,1,1,9.6,8.8,0.15,+0.4,+0.2,Matches
Player,Nation,Pos,Squad,Age,Born,90s,Gls,Sh,SoT,SoT%,Sh/90,SoT/90,G/Sh,G/SoT,Dist,FK,PK,PKatt,xG,npxG,npxG/Sh,G-xG,np:G-xG,Matches
Welington,br BRA,DF,Southampton,23,2001,5.4,0,3,0,0.0,0.56,0.00,0.00,,31.3,0,0,0,0.0,0.0,0.01,0.0,0.0,Matches
Timo Werner,de GER,"FW,MF",Tottenham,28,1996,5.7,0,8,3,37.5,1.40,0.52,0.00,0.00,18.2,0,0,0,1.0,1.0,0.12,-1.0,-1.0,Matches
Adam Wharton,eng ENG,MF,Crystal Palace,20,2004,14.6,0,13,5,38.5,0.89,0.34,0.00,0.00,25.4,0,0,0,0.4,0.4,0.03,-0.4,-0.4,Matches
Ben White,eng ENG,DF,Arsenal,26,1997,13.3,0,9,2,22.2,0.68,0.15,0.00,0.00,19.4,0,0,0,0.5,0.5,0.05,-0.5,-0.5,Matches
Mats Wieffer,nl NED,"DF,MF",Brighton,24,1999,11.3,1,9,4,44.4,0.80,0.35,0.11,0.25,13.2,0,0,0,0.8,0.8,0.08,+0.2,+0.2,Matches
Neco Williams,wls WAL,DF,Nott'ham Forest,23,2001,28.8,1,37,7,18.9,1.28,0.24,0.03,0.14,20.2,1,0,0,2.3,2.3,0.06,-1.3,-1.3,Matches
Willian,br BRA,"FW,MF",Fulham,35,1988,2.9,0,7,0,0.0,2.45,0.00,0.00,,22.1,0,0,0,0.3,0.3,0.04,-0.3,-0.3,Matches
Joe Willock,eng ENG,"MF,FW",Newcastle Utd,24,1999,12.1,0,18,3,16.7,1.49,0.25,0.00,0.00,15.1,0,0,0,1.6,1.6,0.09,-1.6,-1.6,Matches
Callum Wilson,eng ENG,FW,Newcastle Utd,32,1992,4.1,0,6,1,16.7,1.46,0.24,0.00,0.00,15.4,0,0,0,0.4,0.4,0.06,-0.4,-0.4,Matches
Harry Wilson,wls WAL,"FW,MF",Fulham,27,1997,12.9,6,43,17,39.5,3.33,1.32,0.14,0.35,18.0,1,0,0,4.2,4.2,0.10,+1.8,+1.8,Matches
Harry Winks,eng ENG,MF,Leicester City,28,1996,17.1,0,10,4,40.0,0.59,0.23,0.00,0.00,29.2,0,0,0,0.2,0.2,0.02,-0.2,-0.2,Matches
Ben Winterburn,eng ENG,"MF,FW",Bournemouth,19,2004,0.3,0,0,0,,0.00,0.00,,,,0,0,0,0.0,0.0,,0.0,0.0,Matches
Yoane Wissa,cd COD,FW,Brentford,27,1996,32.4,19,90,41,45.6,2.77,1.26,0.21,0.46,13.2,0,0,0,18.5,18.5,0.21,+0.5,+0.5,Matches
Chris Wood,nz NZL,FW,Nott'ham Forest,32,1991,32.9,20,65,32,49.2,1.98,0.97,0.26,0.53,13.5,0,3,3,13.4,11.0,0.17,+6.6,+6.0,Matches
Nathan Wood-Gordon,eng ENG,DF,Southampton,22,2002,8.6,0,2,0,0.0,0.23,0.00,0.00,,5.9,0,0,0,0.2,0.2,0.12,-0.2,-0.2,Matches
Luke Woolfenden,eng ENG,DF,Ipswich Town,25,1998,13.2,0,1,0,0.0,0.08,0.00,0.00,,12.9,0,0,0,0.0,0.0,0.03,0.0,0.0,Matches
Yehor Yarmoliuk,ua UKR,MF,Brentford,20,2004,16.1,0,9,2,22.2,0.56,0.12,0.00,0.00,15.9,0,0,0,0.6,0.6,0.07,-0.6,-0.6,Matches
Ryan Yates,eng ENG,MF,Nott'ham Forest,26,1997,21.3,2,33,9,27.3,1.55,0.42,0.06,0.22,19.6,0,0,0,2.3,2.3,0.07,-0.3,-0.3,Matches
Leny Yoro,fr FRA,DF,Manchester Utd,18,2005,12.9,0,5,1,20.0,0.39,0.08,0.00,0.00,8.6,0,0,0,0.7,0.7,0.15,-0.7,-0.7,Matches
Ashley Young,eng ENG,DF,Everton,39,1985,20.8,1,6,3,50.0,0.29,0.14,0.17,0.33,24.5,3,0,0,0.3,0.3,0.04,+0.7,+0.7,Matches
Illia Zabarnyi,ua UKR,DF,Bournemouth,21,2002,34.5,0,12,1,8.3,0.35,0.03,0.00,0.00,9.8,0,0,0,1.3,1.3,0.11,-1.3,-1.3,Matches
Oleksandr Zinchenko,ua UKR,"DF,MF",Arsenal,27,1996,5.9,0,10,0,0.0,1.71,0.00,0.00,,19.6,1,0,0,0.6,0.6,0.07,-0.6,-0.6,Matches
Joshua Zirkzee,nl NED,"FW,MF",Manchester Utd,23,2001,15.6,3,28,11,39.3,1.80,0.71,0.11,0.27,13.1,0,0,0,4.8,4.8,0.17,-1.8,-1.8,Matches
Martin Ødegaard,no NOR,MF,Arsenal,25,1998,25.8,3,48,15,31.3,1.86,0.58,0.04,0.13,19.2,3,1,1,4.8,4.0,0.08,-1.8,-2.0,Matches
